Web_ID,Website
CB_Web_1,https://www.chemicalbook.com/manufacturer/anhui-ruihan-technology/
CB_Web_2,https://www.mojinchemical.com/
CB_Web_3,https://www.tianfuchem.com/
CB_Web_4,http://www.atkchemical.com/
CB_Web_5,https://www.coreychem.com/
CB_Web_6,http://www.finerchem.com/
CB_Web_7,http://www.chemdad.com/
CB_Web_8,http://www.conier.com/
CB_Web_9,http://www.neostarunited.com/
CB_Web_10,http://www.simagchem.com/
CB_Web_11,http://www.ipurechemical.com/
CB_Web_12,https://www.tnjchem.com/
CB_Web_13,https://www.chemicalbook.com/ShowSupplierProductsList418627/0_EN.htm
CB_Web_14,https://www.dycnchem.com/
CB_Web_15,https://www.chemicalbook.com/ShowSupplierProductsList1274886/0_EN.htm
CB_Web_16,https://www.chemicalbook.com/ShowSupplierProductsList67294/0_EN.htm
CB_Web_17,http://www.hoyaopharm.com/
CB_Web_18,https://www.chemicalbook.com/ShowSupplierProductsList1283525/0_EN.htm
CB_Web_19,https://www.leapchem.com/
CB_Web_20,http://www.jewimpharma.com/
CB_Web_21,http://www.jiuzhou-chem.com/
CB_Web_22,https://www.gihichemicals.com/
CB_Web_23,http://www.jsytsw.com/
CB_Web_24,http://www.quanjinci.com/
CB_Web_25,http://www.acmec.com.cn/
CB_Web_26,0
CB_Web_27,https://www.dakenam.com/
CB_Web_28,http://shanghaihm.com/index.asp
CB_Web_29,http://www.mainchem.com/
CB_Web_30,http://www.famobiotech.com/
CB_Web_31,https://www.chemenu.com/products/CM186430.html
CB_Web_32,https://www.chemicalbook.com/ShowSupplierProductsList30312/0_EN.htm
CB_Web_33,http://www.allgreenchem.com/
CB_Web_34,http://www.zoutong.com.cn/
CB_Web_35,http://www.chinahuayichem.com/
CB_Web_36,http://www.aopharm.com/
CB_Web_37,http://www.chemfish.com/
CB_Web_38,http://www.echemlin.com/
CB_Web_39,http://www.xinchem.com/
CB_Web_40,https://www.chemicalbook.com/ShowSupplierProductsList30287/0_EN.htm
CB_Web_41,http://www.run-biotech.com/
CB_Web_42,http://www.hope-chem.com/
CB_Web_43,http://www.bidepharm.com/
CB_Web_44,https://www.chemicalbook.com/ShowSupplierProductsList16745/0_EN.htm
CB_Web_45,https://www.chemicalbook.com/ShowSupplierProductsList16284/0.htm
CB_Web_46,http://www.chemicalbook.com/ShowSupplierProductsList30256/0.htm
CB_Web_47,http://www.sdjinhuchem.com/
CB_Web_48,https://www.chemicalbook.com/ShowSupplierProductsList30458/0_EN.htm
CB_Web_49,http://www.huabangchemical.com/index.html
CB_Web_50,http://www.sdwinnerbio.com/
CB_Web_51,https://www.chemicalbook.com/ShowSupplierProductsList31184/0.htm
CB_Web_52,http://www.chemicalbook.com/ShowSupplierProductsList1097898/0.htm
CB_Web_53,http://www.molcoo.com/
CB_Web_54,http://www.ruihechem.com/
CB_Web_55,http://www.cowardchemical.com/
CB_Web_56,http://www.nuotech.com.cn/
CB_Web_57,http://www.aikeshiji.com/
CB_Web_58,http://www.ksmpharm.com/
CB_Web_59,http://www.akzonobel-polymerchemicals.com/ProductSelector/
CB_Web_60,http://www.cecchem.com/products02.html
CB_Web_61,http://www.meheke.com/product_fmore.htm
CB_Web_62,http://www.hc-hg.com/
CB_Web_63,https://www.chemicalbook.com/ShowSupplierProductsList4788/0.htm
CB_Web_64,http://www.ts007.com/
CB_Web_65,http://www.chemscien.com/
CB_Web_66,http://www.sdpysh.com/
CB_Web_67,http://www.huayuechem.cn/
CB_Web_68,https://www.chemicalbook.com/ShowSupplierProductsList17766/0_EN.htm
CB_Web_69,http://www.friendchem.com/pages/pro3.htm
CB_Web_70,http://www.chembright.net/
CB_Web_71,http://www.chemfly.com/
CB_Web_72,https://www.chemicalbook.com/ShowSupplierProductsList66776/0.htm
CB_Web_73,http://www.zhendichem.com/
CB_Web_74,https://www.chemicalbook.com/ShowSupplierProductsList14265/0.htm
CB_Web_75,http://www.meichengchem.com/
CB_Web_76,http://www.blchem.com/cgi/search-en.cgi?f=product_en+company_en_1_&t=product_en&w=product_en
CB_Web_77,http://www.czdwmy.com/
CB_Web_78,https://www.chemicalbook.com/ShowSupplierProductsList15970/0_EN.htm
CB_Web_79,http://hwbiology.com/
CB_Web_80,http://www.coolpharm.com.cn/
CB_Web_81,http://www.huizepu.com/
CB_Web_82,https://www.chemicalbook.com/ShowSupplierProductsList764370/0.htm
CB_Web_83,http://www.chemicalbook.com/ShowSupplierProductsList1993475/0.htm
CB_Web_84,https://www.chemicalbook.com/ShowSupplierProductsList592397/0.htm
CB_Web_85,http://www.yingxinbio.com/
CB_Web_86,https://www.chemicalbook.com/ShowSupplierProductsList1338024/0.htm
CB_Web_87,https://www.chemicalbook.com/supplier/24471124/1.htm
CB_Web_88,https://www.4008081911.com/
CB_Web_89,http://www.guangaobio.com/
CB_Web_90,https://www.jinanande.com/
CB_Web_91,https://www.chemicalbook.com/supplier/24553901/1.htm
CB_Web_92,https://www.chemicalbook.com/supplier/25132672/
CB_Web_93,http://www.sincopharmachem.com/
CB_Web_94,http://
CB_Web_95,http://www.aiyansci.com/
CB_Web_96,https://www.pushanshiye.com/
CB_Web_97,http://www.baiyihuaxue.com/Index.htm
CB_Web_98,https://www.hkssh.com/
CB_Web_99,https://www.yingnor.com/
CB_Web_100,https://www.mancinor.com/
CB_Web_101,http://www.jiuyueshengwu.com/
CB_Web_102,http://www.hongdepharma.com/
CB_Web_103,http://www.nuodina.com/
CB_Web_104,https://www.cowardhg.com/
CB_Web_105,http://www.lullabypharm-chem.com/
CB_Web_106,http://www.weikeqi-biotech.com/
CB_Web_107,https://www.solarbio.com/
CB_Web_108,https://www.jskchem.com/
CB_Web_109,http://www.buysellchem.com/
CB_Web_110,http://www.jjlechuang.com/
CB_Web_111,https://shop1439782100907.1688.com/
CB_Web_112,https://www.chemicalbook.com/ShowSupplierProductsList502368/0_EN.htm
CB_Web_113,https://www.chemicalbook.com/ShowSupplierProductsList30843/0.htm
CB_Web_114,http://www.szbotaier.com/
CB_Web_115,https://www.chemicalbook.com/ShowSupplierProductsList525703/0.htm
CB_Web_116,https://www.hanhongsci.com/
CB_Web_117,https://www.chemicalbook.com/ShowSupplierProductsList109226/0.htm
CB_Web_118,https://www.chemicalbook.com/ShowSupplierProductsList134838/0.htm
CB_Web_119,http://www.xinkang-api.com/
CB_Web_120,https://www.chemicalbook.com/ShowSupplierProductsList359788/0_EN.htm
CB_Web_121,https://www.chemicalbook.com/supplier/25403897/
CB_Web_122,https://www.yunmeichem.com/
CB_Web_123,http://www.sunwaypharm.com/
CB_Web_124,https://www.nornachem.com/
CB_Web_125,http://www.scinova-e.com/
CB_Web_126,https://www.china2699.com/
CB_Web_127,https://www.chemicalbook.com/ShowSupplierProductsList1959101/0_EN.htm
CB_Web_128,http://www.synzest.com/
CB_Web_129,http://china2699.com/
CB_Web_130,https://www.chemicalbook.com/supplier/15553011/1.htm
CB_Web_131,http://www.jxzj.cc/
CB_Web_132,https://www.chemicalbook.com/supplier/14939231/
CB_Web_133,https://www.chemicalbook.com/ShowSupplierProductsList1787465/0.htm
CB_Web_134,http://www.klamar-reagent.com/
CB_Web_135,https://www.chemicalbook.com/ShowSupplierProductsList1991768/0_EN.htm
CB_Web_136,http://www.jhechem.com/
CB_Web_137,http://www.bayeebio.com/
CB_Web_138,https://www.chemicalbook.com/ShowSupplierProductsList30701/0.htm
CB_Web_139,http://www.yacoo.com.cn/
CB_Web_140,http://www.njxizebio.com/
CB_Web_141,http://www.leyan.com/
CB_Web_142,http://www.acmechem.cn/
CB_Web_143,http://www.tonsooh.com/
CB_Web_144,http://www.aikonchem.com/
CB_Web_145,https://www.chemicalbook.com/ShowSupplierProductsList951491/0_EN.htm
CB_Web_146,https://www.chemicalbook.com/ShowSupplierProductsList941185/0.htm
CB_Web_147,http://www.jiahengpharma.com/
CB_Web_148,http://www.fyfchem.com/
CB_Web_149,http://www.wande-chem.com/
CB_Web_150,http://www.jushunhb.com/
CB_Web_151,https://www.chemicalbook.com/ShowSupplierProductsList1014028/0.htm
CB_Web_152,http://www.boerzg.com/
CB_Web_153,http://www.jadell.com.cn/
CB_Web_154,http://www.jhbiopharm.com/
CB_Web_155,https://www.chemicalbook.com/ShowSupplierProductsList696760/0_EN.htm
CB_Web_156,http://www.hnyingchuang.com/
CB_Web_157,https://www.chemicalbook.com/ShowSupplierProductsList1844848/0.htm
CB_Web_158,https://www.chemicalbook.com/ShowSupplierProductsList810586/0.htm
CB_Web_159,http://www.gdjunmu.com/
CB_Web_160,https://www.chemicalbook.com/ShowSupplierProductsList31303/0_EN.htm
CB_Web_161,http://www.ybio.net/
CB_Web_162,http://www.jnadf.com/
CB_Web_163,http://www.lianchangchem.com/
CB_Web_164,https://www.chemicalbook.com/ShowSupplierProductsList1087046/0.htm
CB_Web_165,http://www.www.cn.chemnet.com/
CB_Web_166,https://www.chemicalbook.com/ShowSupplierProductsList1928997/0.htm
CB_Web_167,https://www.chemicalbook.com/ShowSupplierProductsList708308/0.htm
CB_Web_168,https://www.chemicalbook.com/ShowSupplierProductsList145322/0.htm
CB_Web_169,http://www.afinechem.com/index.html
CB_Web_170,http://www.capotchem.com/
CB_Web_171,https://www.chemicalbook.com/ShowSupplierProductsList1644393/0_EN.htm
CB_Web_172,http://www.fuxinpharm.com/
CB_Web_173,http://www.afinechem.com/
CB_Web_174,https://www.finetechnology-ind.com/
CB_Web_175,http://www.gk-bio.com/
CB_Web_176,http://www.codchem.com/
CB_Web_177,https://www.zhishangchemical.com/
CB_Web_178,https://www.chemicalbook.com/ShowSupplierProductsList609684/0.htm
CB_Web_179,http://www.aochuangchem.com/
CB_Web_180,https://baoenluo.guidechem.com/
CB_Web_181,http://www.anikare.cn/index_en.html
CB_Web_182,https://www.chemicalbook.com/ShowSupplierProductsList1674475/0.htm
CB_Web_183,http://lingzhiyuechem.net/IndexEN.htm
CB_Web_184,http://www.verychem.com/
CB_Web_185,https://www.dcchemicals.com/product_show-m-Anisaldehyde.html
CB_Web_186,https://www.chemenu.com/products/CM253865.html
CB_Web_187,http://www.minstargroup.com/
CB_Web_188,http://www.ellycn.com/
CB_Web_189,http://www.ansciepchem.com/
CB_Web_190,http://www.yolne.com/
CB_Web_191,http://www.nuohey.com/
CB_Web_192,http://www.huatengsci.com/
CB_Web_193,http://www.dyhuagong.com/
CB_Web_194,http://www.leyan.com.cn/
CB_Web_195,https://www.chemicalbook.com/ShowSupplierProductsList17286/0.htm
CB_Web_196,http://www.yxinchem.com/
CB_Web_197,http://www.chemicalbook.com/ShowSupplierProductsList30908/0.htm
CB_Web_198,http://www.shpjhg.com/
CB_Web_199,http://www.siyuanchem.com/
CB_Web_200,http://www.bdisfc.com.cn/
CB_Web_201,http://www.risachem.com/
CB_Web_202,http://www.brightchemicals.com/Intermediates.htm
CB_Web_203,https://www.chemicalbook.com/ShowSupplierProductsList6575/0_EN.htm
CB_Web_204,http://www.friendchem.com/pages/pro7.htm
CB_Web_205,https://www.chemicalbook.com/ShowSupplierProductsList6585/0_EN.htm
CB_Web_206,http://www.synchemie.com/template/3-methoxybenzaldehyde.htm
CB_Web_207,https://www.chemicalbook.com/ShowSupplierProductsList13111/0_EN.htm
CB_Web_208,http://www.megchemical.com/
CB_Web_209,http://www.chinachemline.com/
CB_Web_210,http://www.sinowall.net.cn/
CB_Web_211,http://www.yuxi-flavor.cn/
CB_Web_212,http://www.biogenepharm.com/
CB_Web_213,https://www.megchina.com/
CB_Web_214,http://www.tiewill.com/
CB_Web_215,http://www.biochemjx.com/
CB_Web_216,http://www.chinasharechem.com/
CB_Web_217,http://www.sangon.com/
CB_Web_218,http://www.ksylmy.com/
CB_Web_219,http://www.pharmacn.com/
CB_Web_220,http://www.zjklsy.com/
CB_Web_221,https://www.chemicalbook.com/ShowSupplierProductsList6760/0_EN.htm
CB_Web_222,http://www.potentpharm.com/
CB_Web_223,https://www.chemicalbook.com/ShowSupplierProductsList5397/0.htm
CB_Web_224,http://www.acespharma.com//0.htm
CB_Web_225,https://www.chemicalbook.com/ShowSupplierProductsList983681/0.htm
CB_Web_226,http://www.edwardbiology.cn/
CB_Web_227,http://www.kemike888.com/
CB_Web_228,http://www.tianmenchem.com/
CB_Web_229,http://www.yuanzichem.com/
CB_Web_230,http://www.omiget.com/
CB_Web_231,https://www.chemicalbook.com/ShowSupplierProductsList827404/0_EN.htm
CB_Web_232,http://www.lihengpharm.com/
CB_Web_233,http://www.chenxinyaoye.cn/
CB_Web_234,http://www.jiamu-bio.com/
CB_Web_235,http://www.dkybpc.com/
CB_Web_236,http://www.princechem.cn/
CB_Web_237,http://www.haoyunchem.com/
CB_Web_238,http://www.mingchem.com/
CB_Web_239,https://www.chemicalbook.com/ShowSupplierProductsList445115/0_EN.htm
CB_Web_240,https://www.chemicalbook.com/ShowSupplierProductsList31378/0.htm
CB_Web_241,http://www.aobchem.com.cn/
CB_Web_242,http://www.exbio-tech.com/cn/
CB_Web_243,http://www.fangxinsw.com/
CB_Web_244,https://www.qx-chem.com/
CB_Web_245,https://www.chemicalbook.com/ShowSupplierProductsList1422556/0_EN.htm
CB_Web_246,http://www.jm-bio.com/
CB_Web_247,http://www.sjzqiyue.cn/
CB_Web_248,https://www.chemicalbook.com/ShowSupplierProductsList1518283/0_EN.htm
CB_Web_249,http://www.nj-reagent.com/
CB_Web_250,http://hnyingchuang.com/
CB_Web_251,http://www.tajilin.com/
CB_Web_252,https://www.chemicalbook.com/ShowSupplierProductsList1015114/0.htm
CB_Web_253,http://www.yayupharm.com/
CB_Web_254,http://www.yaxianglong.com/
CB_Web_255,http://www.tailizechem.com/
CB_Web_256,https://www.chemicalbook.com/ShowSupplierProductsList1625881/0.htm
CB_Web_257,https://www.chemicalbook.com/ShowSupplierProductsList1124297/0.htm
CB_Web_258,http://www.weimengchem.com/
CB_Web_259,http://www.qinghongfu.com/
CB_Web_260,http://www.lirenchem.com/
CB_Web_261,https://www.chemicalbook.com/ShowSupplierProductsList1533338/0_EN.htm
CB_Web_262,https://whrchem.com/
CB_Web_263,https://www.xsmaterial.com/admin/
CB_Web_264,http://www.whby-chem.com/
CB_Web_265,http://www.amoychem.com/
CB_Web_266,https://www.win-winchemical.com/
CB_Web_267,http://www.huayangchem.com/template/eabout.html
CB_Web_268,https://www.sdlookchem.com/
CB_Web_269,http://www.zpmingyuan.com/
CB_Web_270,http://www.shringchem.com/
CB_Web_271,https://www.yschemicaltech.com/
CB_Web_272,https://www.allgreenchems.com/
CB_Web_273,https://www.catsyn.com/
CB_Web_274,http://www.sdhanjiang.com/
CB_Web_275,http://www.crcorporation.cn/
CB_Web_276,https://www.hsnm.com.cn/
CB_Web_277,http://www.chemport-sh.com/
CB_Web_278,https://www.chemicalbook.com/ShowSupplierProductsList16044/0.htm
CB_Web_279,http://www.sunwisechem.com/
CB_Web_280,http://www.sdzschem.com/
CB_Web_281,http://www.sinfachem.com/
CB_Web_282,http://www.yunuochem.com/
CB_Web_283,http://www.aecochemical.com/
CB_Web_284,https://www.chemicalbook.com/ShowSupplierProductsList6674/0.htm
CB_Web_285,https://www.chemicalbook.com/ShowSupplierProductsList11937/0_EN.htm
CB_Web_286,http://www.chemrole.com/
CB_Web_287,http://www.dingyanchem.com/
CB_Web_288,https://www.chemicalbook.com/supplier/10010892/
CB_Web_289,http://www.lyrantech.com/
CB_Web_290,http://www.chemicalbook.com/ShowSupplierProductsList31406/0.htm
CB_Web_291,http://www.hengxinchem.cn/
CB_Web_292,http://www.guirenchem.com/
CB_Web_293,http://www.sdbmhx.com/
CB_Web_294,http://www.shalongchem.com/
CB_Web_295,http://www.shzjchem.com/
CB_Web_296,https://www.chemicalbook.com/ShowSupplierProductsList5011/0_EN.htm
CB_Web_297,http://www.jbchem.com/
CB_Web_298,http://www.yidatrade.com/
CB_Web_299,http://www.lichem.com/
CB_Web_300,https://www.chemicalbook.com/ShowSupplierProductsList14990/0_EN.htm
CB_Web_301,http://www.shzlchem.com/
CB_Web_302,http://www.xinan-chem.com/pages/product66-e.htm
CB_Web_303,http://www.shenglong-chem.com/
CB_Web_304,http://www.trumpchemicals.com/html/en/cpjs8_3.htm
CB_Web_305,http://www.zhongshengchem.com/
CB_Web_306,https://www.chemicalbook.com/ShowSupplierProductsList5345/0.htm
CB_Web_307,https://www.chemicalbook.com/ShowSupplierProductsList5489/0.htm
CB_Web_308,https://www.chemicalbook.com/ShowSupplierProductsList5963/0.htm
CB_Web_309,http://www.ruihaichem.com.cn/
CB_Web_310,https://www.chemicalbook.com/ShowSupplierProductsList17322/0_EN.htm
CB_Web_311,https://www.chemicalbook.com/ShowSupplierProductsList30305/0_EN.htm
CB_Web_312,http://www.songyechem.com/
CB_Web_313,http://www.ouyachem.net/
CB_Web_314,https://www.chemicalbook.com/ShowSupplierProductsList13337/0.htm
CB_Web_315,http://www.lfchemicals.com/
CB_Web_316,http://www.qzxtchem.com/
CB_Web_317,http://www.ahjachem.com/
CB_Web_318,http://www.ziboyixinchem.com/
CB_Web_319,http://www.lanjiachem.com/
CB_Web_320,http://www.tongfeng-chem.com/
CB_Web_321,http://www.xiechen.com/
CB_Web_322,https://www.chemicalbook.com/ShowSupplierProductsList727705/0_EN.htm
CB_Web_323,https://www.chemicalbook.com/ShowSupplierProductsList4455/0.htm
CB_Web_324,http://www.credititc.com/
CB_Web_325,http://www.gradebiochem.com/
CB_Web_326,https://www.chemicalbook.com/ShowSupplierProductsList10530/0.htm
CB_Web_327,https://www.chemicalbook.com/ShowSupplierProductsList30361/0_EN.htm
CB_Web_328,http://www.jiahongchem.cn/
CB_Web_329,http://www.chinabarton.com/
CB_Web_330,http://www.dydfchem.com/
CB_Web_331,https://www.chemicalbook.com/ShowSupplierProductsList18971/0.htm
CB_Web_332,http://www.wj-chem.com/
CB_Web_333,https://www.chemicalbook.com/ShowSupplierProductsList1616925/0.htm
CB_Web_334,https://www.chemicalbook.com/ShowSupplierProductsList148289/0_EN.htm
CB_Web_335,http://www.yyb-chem.com/
CB_Web_336,http://www.auonsi.com/
CB_Web_337,https://www.chemicalbook.com/ShowSupplierProductsList1049667/0.htm
CB_Web_338,https://www.chemicalbook.com/ShowSupplierProductsList928012/0.htm
CB_Web_339,https://www.chemicalbook.com/supplier/23247121/
CB_Web_340,https://www.chemicalbook.com/ShowSupplierProductsList213149/0.htm
CB_Web_341,https://www.chemicalbook.com/supplier/23946129/
CB_Web_342,https://www.ntzhhg.com/
CB_Web_343,http://www.jnhfdchem.com/
CB_Web_344,https://www.qcsrm.com/
CB_Web_345,https://www.chemicalbook.com/supplier/23936239/
CB_Web_346,https://www.chemicalbook.com/ShowSupplierProductsList1208883/0.htm
CB_Web_347,https://www.chemicalbook.com/ShowSupplierProductsList1886377/0.htm
CB_Web_348,http://www.zdlhchem.com/
CB_Web_349,https://www.chemicalbook.com/supplier/23840890/
CB_Web_350,https://www.chuanggu.com/
CB_Web_351,https://www.chemicalbook.com/supplier/25286230/
CB_Web_352,https://www.chemicalbook.com/supplier/24787017/
CB_Web_353,https://www.chemicalbook.com/supplier/23883451/
CB_Web_354,http://www.modechem.com/
CB_Web_355,https://www.chemicalbook.com/UserProfile/ReadyIndexedProductList.aspx
CB_Web_356,http://www.chainpharm.com/
CB_Web_357,http://www.ruihechem.com/index.html
CB_Web_358,http://www.townyuan.com/
CB_Web_359,http://www.jiuanchem.com/
CB_Web_360,http://karmachem.cn/
CB_Web_361,http://www.rlqhg.com/
CB_Web_362,https://www.meryer.com/
CB_Web_363,http://www.longshenchem.com/index_en.html
CB_Web_364,http://www.fandachem.com/
CB_Web_365,http://www.tjzxchem.com/
CB_Web_366,https://www.chemicalbook.com/supplier/25298568/
CB_Web_367,http://www.fdachem.com/
CB_Web_368,http://www.xiezunchem.com/
CB_Web_369,http://www.jushengtech.com/
CB_Web_370,https://www.chemicalbook.com/ShowSupplierProductsList30326/0_EN.htm
CB_Web_371,https://www.rrkchem.com/
CB_Web_372,http://www.chemicalbook.com/ShowSupplierProductsList1767690/0.htm
CB_Web_373,https://www.chemicalbook.com/ShowSupplierProductsList1230643/0.htm
CB_Web_374,http://www.nfdchem.com/
CB_Web_375,http://www.yc-yunfeng.com/
CB_Web_376,https://www.chemicalbook.com/ShowSupplierProductsList6440/0_EN.htm
CB_Web_377,http://www.biaoyechem.com/template/p-e.htm
CB_Web_378,https://www.chemicalbook.com/ShowSupplierProductsList5357/0.htm
CB_Web_379,http://www.sinobromide.com/
CB_Web_380,http://www.product-yx.com/xd.htm
CB_Web_381,https://www.chemicalbook.com/ShowSupplierProductsList6767/0_EN.htm
CB_Web_382,http://www.utanpharma.com/
CB_Web_383,http://www.lbktchem.cn/
CB_Web_384,http://www.youth-chem.com/
CB_Web_385,http://www.chinajyq.com/
CB_Web_386,http://www.wotuchem.com/
CB_Web_387,https://www.chemicalbook.com/ShowSupplierProductsList15725/0_EN.htm
CB_Web_388,http://www.gaoyuchem.com/
CB_Web_389,https://www.chemicalbook.com/ShowSupplierProductsList1567985/0.htm
CB_Web_390,https://www.chemicalbook.com/ShowSupplierProductsList1336599/0_EN.htm
CB_Web_391,https://www.chemicalbook.com/ShowSupplierProductsList1506642/0_EN.htm
CB_Web_392,http://www.jiahengpharma.com/index.html
CB_Web_393,https://www.chemicalbook.com/supplier/25298895/
CB_Web_394,https://www.chemicalbook.com/supplier/24253670/1.htm
CB_Web_395,https://www.chemicalbook.com/supplier/24293568/1.htm
CB_Web_396,https://cn.nbinno.com/
CB_Web_397,https://www.chemicalbook.com/ShowSupplierProductsList1245847/0.htm
CB_Web_398,https://www.chemicalbook.com/supplier/24827232/
CB_Web_399,http://www.longshenchem.com/
CB_Web_400,http://www.njsshg.com/
CB_Web_401,https://www.chemicalbook.com/ShowSupplierProductsList841396/0_EN.htm
CB_Web_402,https://www.chemicalbook.com/ShowSupplierProductsList974001/0_EN.htm
CB_Web_403,http://www.tongchengpharma.com/
CB_Web_404,https://www.chemicalbook.com/ShowSupplierProductsList1479164/0.htm
CB_Web_405,https://www.chemicalbook.com/ShowSupplierProductsList1112390/0_EN.htm
CB_Web_406,http://www.jinbiaochem.com/
CB_Web_407,https://www.chemicalbook.com/ShowSupplierProductsList7986/0_EN.htm
CB_Web_408,http://tongyon.com/
CB_Web_409,https://www.chemicalbook.com/ShowSupplierProductsList1283525/0.htm
CB_Web_410,http://www.idery.cn/
CB_Web_411,http://www.chemicalbook.com/ShowSupplierProductsList20072/0.htm
CB_Web_412,http://www.jinjingroup.com/
CB_Web_413,http://www.arbiotechem.com/
CB_Web_414,http://www.hzoceanchem.com/
CB_Web_415,https://www.spectrumchemical.com/OA_HTML/index.jsp?minisite=10020&respid=22372&language=US
CB_Web_416,http://www.rhawn.cn/
CB_Web_417,http://www.daqinpharma.com/
CB_Web_418,http://www.psaichem.cn/
CB_Web_419,https://www.chemicalbook.com/ShowSupplierProductsList31355/0.htm
CB_Web_420,http://www.richjoint.com/
CB_Web_421,https://www.chemicalbook.com/ShowSupplierProductsList9589/0_EN.htm
CB_Web_422,http://www.kelaifuhg.com/
CB_Web_423,https://www.chemicalbook.com/ShowSupplierProductsList14624/0_EN.htm
CB_Web_424,https://www.chemicalbook.com/ShowSupplierProductsList31262/0.htm
CB_Web_425,https://www.chemicalbook.com/ShowSupplierProductsList1001335/0.htm
CB_Web_426,https://www.chemicalbook.com/supplier/15577340/
CB_Web_427,https://www.chemicalbook.com/ShowSupplierProductsList875720/0.htm
CB_Web_428,https://www.chinaisotope.com/
CB_Web_429,https://www.chemicalbook.com/supplier/25205567/
CB_Web_430,https://www.chemicalbook.com/supplier/25669674/
CB_Web_431,http://www.cowardchem.com/
CB_Web_432,http://www.vcommend.com/
CB_Web_433,http://www.reertech.com/
CB_Web_434,http://www.cnnmr.com/
CB_Web_435,http://www.anpel.com.cn/
CB_Web_436,https://www.chemicalbook.com/ShowSupplierProductsList537110/0.htm
CB_Web_437,http://www.qfshg.com/
CB_Web_438,http://www.hychemm.com/
CB_Web_439,https://www.chemicalbook.com/supplier/23783238/1.htm
CB_Web_440,http://www.chemhigh.com/
CB_Web_441,http://www.dexinchem.com.cn/
CB_Web_442,http://www.nbyd-chem.com/
CB_Web_443,http://www.chengbangchem.com/
CB_Web_444,http://www.jzwchem.com/
CB_Web_445,http://www.zhgchem.com/
CB_Web_446,http://www.yanshuochem.com/
CB_Web_447,http://www.qdtrustagri.com/
CB_Web_448,http://www.xiangduochem.com/
CB_Web_449,https://www.chemicalbook.com/supplier/23540232/
CB_Web_450,https://www.chemicalbook.com/ShowSupplierProductsList1633442/0_EN.htm
CB_Web_451,https://www.chemicalbook.com/manufacturer/Yiao%20New%20Material%20Technology%20-25052/
CB_Web_452,http://www.zhuoerchem.com/
CB_Web_453,https://www.quarkchem.com/
CB_Web_454,http://www.donboo.com/
CB_Web_455,http://www.jinanshijitongda.com/contact.html
CB_Web_456,https://www.iwysw.com/
CB_Web_457,http://www.njyuance.cn/
CB_Web_458,http://www.health-biochem.com/
CB_Web_459,http://www.obn.com.cn/
CB_Web_460,http://www.cerametmaterials.com/
CB_Web_461,http://www.antimex.com/
CB_Web_462,http://www.huadebiochem.com/
CB_Web_463,http://www.ditaochem.com/
CB_Web_464,http://www.chemicalbook.com/ShowSupplierProductsList30891/0.htm
CB_Web_465,http://www.e-chem.com.cn/
CB_Web_466,http://www.shsjchem.com/
CB_Web_467,https://www.chemicalbook.com/ShowSupplierProductsList1614040/0_EN.htm
CB_Web_468,http://www.jnhrchem.com/
CB_Web_469,http://www.richchemical.com/
CB_Web_470,http://www.tjhuirui.com/
CB_Web_471,http://www.yibangchem.com/
CB_Web_472,http://www.chemgreat.com/
CB_Web_473,http://www.ucw.com.tw/list/test-p.htm
CB_Web_474,http://www.nabchem.com/
CB_Web_475,http://www.jbchem.com/pages/pro2_01-e.htm
CB_Web_476,http://www.chinaorganic.com/
CB_Web_477,http://www.pujie.com/
CB_Web_478,http://www.whzxchem.com/
CB_Web_479,https://www.chemicalbook.com/ShowSupplierProductsList18812/0_EN.htm
CB_Web_480,https://www.chemicalbook.com/ShowSupplierProductsList18419/0_EN.htm
CB_Web_481,http://www.tchem.cn/
CB_Web_482,https://www.chemicalbook.com/ShowSupplierProductsList17753/0_EN.htm
CB_Web_483,https://www.chemicalbook.com/ShowSupplierProductsList11646/0_EN.htm
CB_Web_484,http://www.njwjhg.com/
CB_Web_485,http://www.saintyaroma.com/
CB_Web_486,https://www.chemicalbook.com/supplier/22956450/1.htm
CB_Web_487,http://www.jnsjtd.com/
CB_Web_488,http://www.chinazr.com/
CB_Web_489,http://www.minkochem.com/
CB_Web_490,http://www.top-pharmchem.com/
CB_Web_491,http://www.distant-chem.com/
CB_Web_492,http://www.toyond.com/
CB_Web_493,http://www.hongtaibiochem.com/
CB_Web_494,http://www.jnzyxc.com/
CB_Web_495,https://www.chemicalbook.com/ShowSupplierProductsList712450/0.htm
CB_Web_496,https://www.chemicalbook.com/ShowSupplierProductsList416528/0.htm
CB_Web_497,https://www.chemicalbook.com/supplier/25708902/
CB_Web_498,https://whpl.company.lookchem.cn/
CB_Web_499,https://www.chemicalbook.com/ShowSupplierProductsList1338024/0_EN.htm
CB_Web_500,http://www.hbrsxkj.cn/
CB_Web_501,https://www.chemicalbook.com/ShowSupplierProductsList1402328/0.htm
CB_Web_502,https://www.chemicalbook.com/ShowSupplierProductsList1295926/0_EN.htm
CB_Web_503,http://www.sdxhxcl.com/
CB_Web_504,https://www.chemicalbook.com/ShowSupplierProductsList1931493/0_EN.htm
CB_Web_505,https://www.chemicalbook.com/ShowSupplierProductsList1056467/0_EN.htm
CB_Web_506,https://www.chemicalbook.com/supplier/15604011/1.htm
CB_Web_507,http://www.shanghaiweifu.cn/
CB_Web_508,http://www.yukanghg.com/
CB_Web_509,https://www.hplc100.cn/
CB_Web_510,https://www.chemicalbook.com/ShowSupplierProductsList1502108/0_EN.htm
CB_Web_511,https://www.chemicalbook.com/ShowSupplierProductsList777855/0.htm
CB_Web_512,http://wencai-nm.com/
CB_Web_513,http://www.mreda.com.cn/
CB_Web_514,https://www.chemicalbook.com/supplier/22846901/
CB_Web_515,https://www.chemicalbook.com/ShowSupplierProductsList1999235/0_EN.htm
CB_Web_516,https://www.chemicalbook.com/ShowSupplierProductsList31243/0.htm
CB_Web_517,https://www.chemicalbook.com/supplier/23325451/
CB_Web_518,https://www.chemicalbook.com/ShowSupplierProductsList90974/0.htm
CB_Web_519,http://www.jiliangchem.com/
CB_Web_520,http://www.idery.net/
CB_Web_521,http://www.synchem-pharma.com/
CB_Web_522,https://www.dideu.com/en/
CB_Web_523,https://www.yibangte.com/
CB_Web_524,http://www.bingochem.com/en/index.php
CB_Web_525,http://www.aromaessentialoil.com/
CB_Web_526,http://www.chemicalbook.com/ShowSupplierProductsList30718/0.htm
CB_Web_527,http://www.whyctech.com;www.hbycgroup.com/
CB_Web_528,http://www.tianmengchem.com/
CB_Web_529,http://www.thinkchem.com/
CB_Web_530,http://www.trustinbio.com/pages/pharm_intermediates.htm
CB_Web_531,http://www.keshengchem.com/
CB_Web_532,http://www.yaroma.com/
CB_Web_533,https://www.chemicalbook.com/ContactUs_23813891.htm
CB_Web_534,https://www.chemicalbook.com/supplier/24413564/1.htm
CB_Web_535,http://www.hbzlkschem.com/
CB_Web_536,https://www.chemicalbook.com/ShowSupplierProductsList493597/0_EN.htm
CB_Web_537,https://www.chemicalbook.com/ShowSupplierProductsList54638/0_EN.htm
CB_Web_538,https://www.dideu.com/
CB_Web_539,https://www.xinruchem.com/
CB_Web_540,http://www.lidepharma.com/
CB_Web_541,http://www.cyflavor.com/
CB_Web_542,http://www.dwxj.com/
CB_Web_543,http://www.advtechind.com/
CB_Web_544,http://www.mu-intel.com/
CB_Web_545,http://www.alwaychem.net/
CB_Web_546,http://www.chancedoor.com/pro_detail.asp?p_id=198
CB_Web_547,http://www.charoma.com/
CB_Web_548,http://www.ahprimechem.com/
CB_Web_549,http://www.jxddsw.com/
CB_Web_550,http://www.njrich.com/
CB_Web_551,http://www.yickvic.com/
CB_Web_552,http://www.jxsunlong.com/
CB_Web_553,http://www.jsvincero.com/
CB_Web_554,http://rcc.net.cn/
CB_Web_555,https://www.chemicalbook.com/ShowSupplierProductsList707052/0.htm
CB_Web_556,http://www.aladdin-e.com/
CB_Web_557,https://www.chemicalbook.com/ShowSupplierProductsList632546/0.htm
CB_Web_558,http://www.xingkaiyuesw.com/
CB_Web_559,https://www.chemicalbook.com/ShowSupplierProductsList134937/0.htm
CB_Web_560,http://www.bjoka-vip.com/
CB_Web_561,https://www.leyan.com/
CB_Web_562,http://www.canbipharma.com/
CB_Web_563,https://www.chemicalbook.com/ShowSupplierProductsList507410/0_EN.htm
CB_Web_564,https://www.chemicalbook.com/ShowSupplierProductsList1153798/0.htm
CB_Web_565,https://www.chemicalbook.com/supplier/23692018/
CB_Web_566,https://www.chemicalbook.com/ShowSupplierProductsList1605677/0.htm
CB_Web_567,https://www.chemicalbook.com/supplier/24113562/
CB_Web_568,http://www.yx-biotech.cn/
CB_Web_569,http://www.chemisci.com/
CB_Web_570,https://www.chemicalbook.com/supplier/23864239/
CB_Web_571,http://www.macklin.cn/
CB_Web_572,http://www.youshengo.com/gwh-15259
CB_Web_573,http://www.cidic.com.cn/
CB_Web_574,http://www.zhongyuearoma.com/
CB_Web_575,https://www.chemicalbook.com/ShowSupplierProductsList1914598/0_EN.htm
CB_Web_576,https://www.chemicalbook.com/ShowSupplierProductsList1630335/0.htm
CB_Web_577,http://www.foreverest.biz/
CB_Web_578,https://www.chemicalbook.com/ShowSupplierProductsList621419/0_EN.htm
CB_Web_579,http://www.whwingroup.com/
CB_Web_580,https://www.chemicalbook.com/ShowSupplierProductsList609684/0_EN.htm
CB_Web_581,https://www.chemicalbook.com/ShowSupplierProductsList1022736/0_EN.htm
CB_Web_582,http://www.konochem.com/
CB_Web_583,http://www.dideu.com/
CB_Web_584,https://www.qinmuchem.com/
CB_Web_585,http://www.myuchem.com/
CB_Web_586,https://www.hbldbiotech.com/
CB_Web_587,https://www.chemicalbook.com/manufacturer/zibo-dorne-chemical-technology-403/
CB_Web_588,http://www.jiutian-bio.com/
CB_Web_589,https://www.finechemical.net/
CB_Web_590,http://www.xarlm.com/
CB_Web_591,https://www.chemenu.com/products/CM247437.html
CB_Web_592,https://www.chemicalbook.com/ShowSupplierProductsList30373/0.htm
CB_Web_593,http://www.nwchemical.com/
CB_Web_594,http://www.hnhwchem.com/
CB_Web_595,http://www.chemicalbook.com/ShowSupplierProductsList30947/0.htm
CB_Web_596,http://www.huahongchem.com/
CB_Web_597,http://www.whhzchem.com/
CB_Web_598,http://www.tongli-chem.com/
CB_Web_599,http://www.tzchemical.com/template/2-bromoethyl-cn.htm
CB_Web_600,http://www.kingfirstchem.com/sp/Product.asp?enBigClassName=Bromide&page=2
CB_Web_601,http://www.techmoris.com/
CB_Web_602,http://www.nanfangchem.com/
CB_Web_603,http://www.fukangpharm.com/
CB_Web_604,http://www.cxkjchem.com/
CB_Web_605,https://www.chemicalbook.com/ShowSupplierProductsList13119/0_EN.htm
CB_Web_606,http://www.creatorchem.com/
CB_Web_607,http://www.biaoyechem.com/
CB_Web_608,http://www.meetsoho.com/
CB_Web_609,http://www.nowchemie.com/
CB_Web_610,http://www.pharmlead.com/
CB_Web_611,https://www.chemicalbook.com/ShowSupplierProductsList14860/0_EN.htm
CB_Web_612,http://www.disynchem.com/
CB_Web_613,http://www.coolpharm.com/
CB_Web_614,https://www.chemicalbook.com/ShowSupplierProductsList31141/0.htm
CB_Web_615,https://www.chemicalbook.com/ShowSupplierProductsList273253/0.htm
CB_Web_616,https://www.chemicalbook.com/supplier/15478905/
CB_Web_617,https://www.adaomai.com/
CB_Web_618,https://www.chemicalbook.com/ShowSupplierProductsList1025246/0.htm
CB_Web_619,http://www.duobeichem.com/
CB_Web_620,https://www.lgcstandards.com/CN/en/Pharmaceutical/cat/279492
CB_Web_621,https://www.chemicalbook.com/supplier/24021783/
CB_Web_622,http://www.efebio.com/
CB_Web_623,http://www.beicaichem.com/
CB_Web_624,https://www.chemicalbook.com/ShowSupplierProductsList717026/0_EN.htm
CB_Web_625,https://www.chemicalbook.com/ShowSupplierProductsList957491/0_EN.htm
CB_Web_626,https://www.chemicalbook.com/supplier/23615899/
CB_Web_627,http://www.jxruihengbio.com/
CB_Web_628,http://www.walixi.com/
CB_Web_629,https://www.chemicalbook.com/ShowSupplierProductsList31425/0_EN.htm
CB_Web_630,http://www.tx-chem.com/
CB_Web_631,http://www.edengenechem.com/
CB_Web_632,http://www.moneidechem.com/
CB_Web_633,https://www.standardpharm.org.cn/
CB_Web_634,http://www.cubechem.com/
CB_Web_635,https://www.chemicalbook.com/ShowSupplierProductsList684782/0_EN.htm
CB_Web_636,http://www.wanlong-chem.com/
CB_Web_637,http://www.psaichem.com/
CB_Web_638,http://www.geeyeschem.com/
CB_Web_639,https://www.chemicalbook.com/ShowSupplierProductsList595851/0.htm
CB_Web_640,http://www.jschchem.com/
CB_Web_641,https://www.chemicalbook.com/ShowSupplierProductsList768389/0_EN.htm
CB_Web_642,http://www.zhonglaichem.com/
CB_Web_643,http://www.jzzchem.com/
CB_Web_644,http://www.easternchem.com.cn/template/yicheng-chemicals11.htm
CB_Web_645,http://www.astarchem.com/template/producten.htm
CB_Web_646,https://www.chemicalbook.com/ShowSupplierProductsList5439/0_EN.htm
CB_Web_647,https://www.chemicalbook.com/ShowSupplierProductsList12669/0.htm
CB_Web_648,https://www.u-preferbio.com/
CB_Web_649,http://www.kanglechem.com/pages/pr-e-1-2.htm
CB_Web_650,http://www.dybeyond.com/
CB_Web_651,http://www.nanhuchem.com/
CB_Web_652,https://www.chemicalbook.com/ShowSupplierProductsList18908/0_EN.htm
CB_Web_653,http://www.cz-chem.com/
CB_Web_654,https://www.chemicalbook.com/ShowSupplierProductsList17944/0_EN.htm
CB_Web_655,http://www.lianhetech.com/
CB_Web_656,http://www.sdsanyifanghua.com/
CB_Web_657,http://www.gjchem.com/
CB_Web_658,http://www.haibochem.com/
CB_Web_659,http://www.csj-group.com/
CB_Web_660,https://www.chemicalbook.com/ShowSupplierProductsList17818/0_EN.htm
CB_Web_661,http://www.jiannong.com/
CB_Web_662,http://www.trademaxchem.com/
CB_Web_663,http://www.ruijianggroup.com/
CB_Web_664,http://www.jsxtchem.com/
CB_Web_665,https://www.chemicalbook.com/ShowSupplierProductsList6222/0_EN.htm
CB_Web_666,http://www.jshxchem.com.cn/template/cpjs-06-en.htm
CB_Web_667,http://www.xinhechem.cn/
CB_Web_668,https://www.chemicalbook.com/ShowSupplierProductsList1025246/0_EN.htm
CB_Web_669,http://www.ss-bio.com/
CB_Web_670,https://www.chemicalbook.com/ShowSupplierProductsList937662/0.htm
CB_Web_671,https://www.chemicalbook.com/supplier/25457231/
CB_Web_672,http://www.xinhonglichem.com/
CB_Web_673,http://www.shamhaibio.com/
CB_Web_674,https://www.chemicalbook.com/ShowSupplierProductsList947930/0_EN.htm
CB_Web_675,https://www.shandongdexin.com/
CB_Web_676,http://www.huichuchem.com/
CB_Web_677,http://www.gzydnewmaterial.com/
CB_Web_678,http://www.zhenbochem.com/
CB_Web_679,https://www.chemicalbook.com/ShowSupplierProductsList451023/0.htm
CB_Web_680,http://www.tg-chemical.com/
CB_Web_681,http://acmechem.cn/
CB_Web_682,https://www.chemicalbook.com/ShowSupplierProductsList329110/0_EN.htm
CB_Web_683,https://www.chemicalbook.com/ShowSupplierProductsList329222/0.htm
CB_Web_684,https://www.chemicalbook.com/ShowSupplierProductsList31206/0.htm
CB_Web_685,https://www.chemicalbook.com/Supplier/13861905/
CB_Web_686,https://www.xingbeipharm.com/
CB_Web_687,http://www.biet.com.cn/
CB_Web_688,http://www.bj-chem.com/
CB_Web_689,http://www.royal-chem.com/
CB_Web_690,http://www.zetchem.com/
CB_Web_691,http://www.glp-china.com/
CB_Web_692,http://www.fortunachem.com/
CB_Web_693,https://www.chemicalbook.com/manufacturer/hangyu-chemical-25178/
CB_Web_694,http://www.senovatech.com/
CB_Web_695,https://www.riyngroup.com/
CB_Web_696,http://www.pharma-raw.com/
CB_Web_697,https://www.chemicalbook.com/manufacturer/hbfengqiang%20trading%20company/
CB_Web_698,http://www.hengdian-ie.com/
CB_Web_699,https://www.dcchemicals.com/product_show-Benzaldehyde.html
CB_Web_700,http://www.yyxhd.com/
CB_Web_701,http://www.gr-chem.com/
CB_Web_702,http://www.unipharmpro.com/
CB_Web_703,https://www.chemicalbook.com/ShowSupplierProductsList5269/0_EN.htm
CB_Web_704,http://www.hasinotech.com/
CB_Web_705,http://www.czqdhg.com/
CB_Web_706,http://www.obn.com.cn/EN/In_2_1_1.asp
CB_Web_707,http://www.amfoodchem.com/
CB_Web_708,http://www.hnhbsj.com/
CB_Web_709,http://www.hongbangpharma.com/
CB_Web_710,http://www.ytsk.com.cn/
CB_Web_711,http://www.hongtupharma.com/index.html
CB_Web_712,http://www.jipuchem.com/
CB_Web_713,http://www.haishankj.net/
CB_Web_714,http://www.chemicalbook.com/ShowSupplierProductsList31141/0.htm
CB_Web_715,http://www.chemicalbook.com/ShowSupplierProductsList639751/0.htm
CB_Web_716,http://www.chemicalbook.com/ShowSupplierProductsList764370/0.htm
CB_Web_717,http://www.chemicalbook.com/ShowSupplierProductsList31409/0.htm
CB_Web_718,http://www.chemicalbook.com/ShowSupplierProductsList731357/0.htm
CB_Web_719,http://www.sdzxxcl.cn/
CB_Web_720,http://www.tengtuo.com/
CB_Web_721,https://www.chemicalbook.com/ShowSupplierProductsList1514398/0.htm
CB_Web_722,http://www.tjfuxinsm.com/
CB_Web_723,http://www.whdico.com/
CB_Web_724,http://www.scstandards.com/
CB_Web_725,http://www.chlokali.com/
CB_Web_726,http://www.jincheng-chem.com/
CB_Web_727,https://www.chemicalbook.com/ShowSupplierProductsList939173/0_EN.htm
CB_Web_728,http://www.suofochem.com/
CB_Web_729,http://www.whxkchem.com/
CB_Web_730,http://www.ydhxsj.com/
CB_Web_731,http://www.suntton.com/pdfs/Sourcing_SF.pdf
CB_Web_732,https://www.chemicalbook.com/ShowSupplierProductsList5077/0.htm
CB_Web_733,http://www.gaoxiangchem.com/
CB_Web_734,http://www.refoundchem.com/pages/zjt2.htm
CB_Web_735,https://www.chemicalbook.com/ShowSupplierProductsList4602/0.htm
CB_Web_736,http://www.xingganchem.com/
CB_Web_737,http://www.fhkj88.com/
CB_Web_738,http://www.chunzhuaroma.com/
CB_Web_739,http://www.xlhg.com.cn/
CB_Web_740,http://www.pushun.com.cn/
CB_Web_741,https://www.chemicalbook.com/ShowSupplierProductsList7417/0_EN.htm
CB_Web_742,https://www.chemicalbook.com/ShowSupplierProductsList9203/0.htm
CB_Web_743,http://www.goldlinkindustries.com/
CB_Web_744,https://www.chemicalbook.com/ShowSupplierProductsList6128/0.htm
CB_Web_745,http://www.whxkchem.com/products.htm
CB_Web_746,http://www.whorganic.com/
CB_Web_747,http://www.disha.cn/
CB_Web_748,http://www.jtdfchem.com/
CB_Web_749,http://www.hongyangchemical.com/
CB_Web_750,http://www.meijiachem.com.cn/
CB_Web_751,http://www.phoenixchem.cn/
CB_Web_752,https://www.chemicalbook.com/ShowSupplierProductsList17841/0_EN.htm
CB_Web_753,http://www.jiamaichem.com/
CB_Web_754,http://www.chinapaula.com/
CB_Web_755,http://www.timing-ouhan.com/
CB_Web_756,http://www.qianchem.com/
CB_Web_757,http://www.tiancheng-chem.com/
CB_Web_758,https://www.chemicalbook.com/ShowSupplierProductsList18897/0.htm
CB_Web_759,http://www.kanghuakeji.com/
CB_Web_760,http://www.firstao.com.cn/
CB_Web_761,http://www.kyflavor.com/
CB_Web_762,https://www.chemicalbook.com/ShowSupplierProductsList17965/0.htm
CB_Web_763,https://www.chemicalbook.com/ShowSupplierProductsList17317/0_EN.htm
CB_Web_764,http://www.puhuachem.com/
CB_Web_765,http://toref-standards.com/
CB_Web_766,https://www.zhishangchem.com/
CB_Web_767,http://www.changlianchem.com/
CB_Web_768,http://www.shdaeyeonchem.com/
CB_Web_769,http://www.jszchg.com/
CB_Web_770,http://www.guanjiachem.net/
CB_Web_771,http://www.chemicalbook.com/ShowSupplierProductsList30695/0.htm
CB_Web_772,http://www.gbchemwin.com/
CB_Web_773,http://www.czyubochem.com/
CB_Web_774,https://www.chemicalbook.com/ShowSupplierProductsList5352/0.htm
CB_Web_775,http://www.shbrchem.com/
CB_Web_776,http://www.oceanchina.com/
CB_Web_777,http://www.fhdchem.com/
CB_Web_778,http://www.fbchem.com/
CB_Web_779,http://qytzhg.norincogroup.com.cn/
CB_Web_780,http://www.luzhongchem.com/
CB_Web_781,http://www.haodengchem.com/
CB_Web_782,http://www.kamtian.com/
CB_Web_783,http://www.jilinchemical.com/
CB_Web_784,http://www.thchemical.com/pages/pro2102_en.htm
CB_Web_785,http://www.jshj.com/
CB_Web_786,https://www.chemicalbook.com/ShowSupplierProductsList7583/0.htm
CB_Web_787,https://www.chemicalbook.com/ShowSupplierProductsList6012/0.htm
CB_Web_788,http://www.czfychem.com/
CB_Web_789,http://www.chenbangchem.com/
CB_Web_790,https://www.chemicalbook.com/ShowSupplierProductsList17311/0_EN.htm
CB_Web_791,http://www.dayechem.com/
CB_Web_792,https://www.chemicalbook.com/ShowSupplierProductsList18795/0_EN.htm
CB_Web_793,http://www.hsbsh.com/
CB_Web_794,http://www.lygrunfeng.com/
CB_Web_795,http://www.czkmk.com/
CB_Web_796,https://www.chemicalbook.com/ShowSupplierProductsList13996/0_EN.htm
CB_Web_797,https://www.chemicalbook.com/ShowSupplierProductsList17771/0_EN.htm
CB_Web_798,https://www.chemicalbook.com/ShowSupplierProductsList17774/0_EN.htm
CB_Web_799,http://www.yelangchem.com/
CB_Web_800,http://www.changdapharm.com/
CB_Web_801,http://www.jinansjtd.cn/list-18.html
CB_Web_802,http://www.reading-chemicals.com/
CB_Web_803,http://www.anzhe-c.com/
CB_Web_804,https://www.chemicalbook.com/ShowSupplierProductsList1755297/0.htm
CB_Web_805,http://www.jinanliyang.com/
CB_Web_806,https://www.chemicalbook.com/supplier/24849127/
CB_Web_807,https://www.chemicalbook.com/ShowSupplierProductsList17777/0_EN.htm
CB_Web_808,http://www.nrdqiti.com/
CB_Web_809,http://www.sdynchem.com/
CB_Web_810,http://www.chemjunchi.com/
CB_Web_811,http://www.eti-chem.com/
CB_Web_812,https://www.inno-chem.com.cn/
CB_Web_813,https://www.chemicalbook.com/ShowSupplierProductsList393341/0.htm
CB_Web_814,https://www.chemenu.com/products/CM180673.html
CB_Web_815,http://www.ahdxj.com/
CB_Web_816,https://www.chemicalbook.com/manufacturer/hebei-crovell-biotech-455/
CB_Web_817,http://www.hntmhg.com/
CB_Web_818,http://www.time-chemicals.com/
CB_Web_819,https://www.chemicalbook.com/ShowSupplierProductsList37438/0.htm
CB_Web_820,http://www.hoborchem.com/
CB_Web_821,https://www.chemenu.com/products/CM112457.html
CB_Web_822,http://www.sutepharm.com/
CB_Web_823,http://www.kangtepharm.com/
CB_Web_824,http://www.jinandayuchem.com/
CB_Web_825,http://www.btcpharm.com/
CB_Web_826,http://www.chemicalbook.com/ShowSupplierProductsList30552/0.htm
CB_Web_827,http://www.sdbelievechem.com/
CB_Web_828,https://www.chemicalbook.com/ShowSupplierProductsList4315/0.htm
CB_Web_829,http://www.demchem.com/
CB_Web_830,http://www.chemhome.com.cn/
CB_Web_831,http://www.chinarunhe.com/
CB_Web_832,http://www.sjpharm.com/
CB_Web_833,https://www.chemicalbook.com/ShowSupplierProductsList14205/0_EN.htm
CB_Web_834,http://www.xingchengchem.com/
CB_Web_835,https://www.chemicalbook.com/ShowSupplierProductsList6446/0_EN.htm
CB_Web_836,http://www.wescco.com/wescco/chinese/ArticleShow.asp?ArticleID=102
CB_Web_837,http://www.jiuchongchem.cn/
CB_Web_838,http://www.shqrchem.com/
CB_Web_839,https://www.chemicalbook.com/ShowSupplierProductsList12116/0.htm
CB_Web_840,http://www.greensyn.com/
CB_Web_841,http://www.taifei.net/
CB_Web_842,http://www.renyoung.com/
CB_Web_843,http://www.sphchem.com/
CB_Web_844,http://www.enkepharma.com/
CB_Web_845,https://www.chemicalbook.com/ShowSupplierProductsList50190/0_EN.htm
CB_Web_846,https://www.chemicalbook.com/ShowSupplierProductsList596294/0_EN.htm
CB_Web_847,https://www.chemicalbook.com/ShowSupplierProductsList187370/0.htm
CB_Web_848,http://www.oka-vip.com/
CB_Web_849,http://www.kerle.cn/
CB_Web_850,http://www.mylabss.com/
CB_Web_851,https://www.chemicalbook.com/ShowSupplierProductsList1495145/0.htm
CB_Web_852,http://www.dolanpharm.com/
CB_Web_853,http://www.n-jz.com/
CB_Web_854,https://www.chemany.com/
CB_Web_855,https://www.chemicalbook.com/supplier/24575234/
CB_Web_856,https://www.ruiweier.cn/
CB_Web_857,https://www.jktland.com/index.php
CB_Web_858,http://ats-mall.com/
CB_Web_859,https://www.chemicalbook.com/ShowSupplierProductsList750643/0.htm
CB_Web_860,http://www.shgcsw-edu.com/
CB_Web_861,https://www.highfine.com/
CB_Web_862,https://www.chemicalbook.com/supplier/23547785/
CB_Web_863,https://www.chemicalbook.com/ShowSupplierProductsList329110/0.htm
CB_Web_864,http://www.mashilabs.com/
CB_Web_865,http://www.ebuylabs.com/
CB_Web_866,http://www.coreychem.com/
CB_Web_867,http://www.obn.com.cn/en/products_info.asp?Product_ID=102
CB_Web_868,http://www.flyingskyindustry.com/
CB_Web_869,https://www.chemicalbook.com/ShowSupplierProductsList18241/0_EN.htm
CB_Web_870,http://www.angtibio.com/
CB_Web_871,https://www.chemicalbook.com/ShowSupplierProductsList1456509/0_EN.htm
CB_Web_872,http://www.sinopharm.cc/
CB_Web_873,http://www.uchem.com.cn/products_detail.asp?id=50
CB_Web_874,http://www.hhink.com/
CB_Web_875,https://www.chemicalbook.com/ShowSupplierProductsList6729/0.htm
CB_Web_876,http://www.hlresin.com/
CB_Web_877,http://www.jnhfdchem.com/english/En_ProductShow.asp?ArticleID=178
CB_Web_878,http://www.langyuan.com.cn/
CB_Web_879,http://www.foshanchem.com/
CB_Web_880,https://www.chemicalbook.com/ShowSupplierProductsList8183/0_EN.htm
CB_Web_881,http://www.lingerchem.com/
CB_Web_882,http://www.kailinpaint.com/
CB_Web_883,http://www.highchem.com.cn/
CB_Web_884,http://www.hysychem.com/
CB_Web_885,http://www.jurongchem.com/template/produc1-3.htm
CB_Web_886,http://www.yuntianchem.com/
CB_Web_887,http://www.chemty.com/
CB_Web_888,http://www.topjoychem.com/
CB_Web_889,http://www.czlfchem.com/
CB_Web_890,http://www.hualunchem.com/
CB_Web_891,https://www.chemicalbook.com/ShowSupplierProductsList18695/0.htm
CB_Web_892,https://www.chemicalbook.com/ShowSupplierProductsList1240128/0.htm
CB_Web_893,https://www.chemicalbook.com/ShowSupplierProductsList215647/0_EN.htm
CB_Web_894,http://ergao8.com/
CB_Web_895,http://www.scrbio.com/
CB_Web_896,http://www.bwtlab.com/
CB_Web_897,http://jxzj.cc/
CB_Web_898,http://www.purechemland.com/
CB_Web_899,http://www.masonchemtech.com/
CB_Web_900,https://www.chemicalbook.com/ShowSupplierProductsList1295926/0.htm
CB_Web_901,https://www.chemicalbook.com/supplier/24525121/
CB_Web_902,https://www.chemicalbook.com/ShowSupplierProductsList640628/0_EN.htm
CB_Web_903,http://www.lbschem.com/
CB_Web_904,http://www.huhuang.com.cn/
CB_Web_905,http://www.liyanghg.com/
CB_Web_906,http://www.jnruishanchem.com/
CB_Web_907,https://www.chemicalbook.com/ShowSupplierProductsList1949267/0.htm
CB_Web_908,http://www.nwchem.com/
CB_Web_909,https://www.chemicalbook.com/ShowSupplierProductsList1801579/0_EN.htm
CB_Web_910,http://www.shsfhx.com/
CB_Web_911,https://www.chemicalbook.com/ShowSupplierProductsList1760142/0.htm
CB_Web_912,https://www.chemicalbook.com/ShowSupplierProductsList1001079/0.htm
CB_Web_913,http://www.chemreagent.com/
CB_Web_914,http://www.wfjxchem.com/
CB_Web_915,http://www.mingrichem.com/
CB_Web_916,http://www.zjzcchem.com/
CB_Web_917,http://www.aojinchem.com/
CB_Web_918,http://www.zgmengzhong.com/
CB_Web_919,http://www.obn.com.cn/en/products_info.asp?Product_ID=69
CB_Web_920,http://www.eternalchem.com/
CB_Web_921,http://www.ronasgroup.com/
CB_Web_922,http://www.vigen.com.cn/se.asp?nowmenuid=500020
CB_Web_923,http://www.jurongchem.com/template/produc1-4.htm
CB_Web_924,http://www.binhuchem.com/
CB_Web_925,http://www.cnaff.com/
CB_Web_926,http://www.asambly.com/
CB_Web_927,http://www.sfcc.com.cn/
CB_Web_928,http://www.lanningbio.net/
CB_Web_929,https://www.chemicalbook.com/supplier/24206893/
CB_Web_930,https://www.chemicalbook.com/ShowSupplierProductsList1999235/0.htm
CB_Web_931,http://www.jinbang-ch.com/
CB_Web_932,http://www.nifdc.org.cn/
CB_Web_933,http://www.heyichem.com.cn/
CB_Web_934,http://www.shxmhg.cn/
CB_Web_935,http://www.dimethyl-maleicanhydride.com/
CB_Web_936,http://www.sdebio.com/
CB_Web_937,http://www.rokechem.com/
CB_Web_938,https://www.molcore.com/
CB_Web_939,http://www.du-hope.com/
CB_Web_940,http://www.isunpharm.com/
CB_Web_941,http://www.chemicalbook.com/ShowSupplierProductsList30206/0.htm
CB_Web_942,https://www.chemicalbook.com/ShowSupplierProductsList31023/0_EN.htm
CB_Web_943,http://www.chemicalbook.com/ShowSupplierProductsList31175/0.htm
CB_Web_944,http://www.yuexingchem.com/
CB_Web_945,http://www.daxinchem.com/
CB_Web_946,http://www.cradlechem.com/
CB_Web_947,http://www.friendchem.com/pages/pro1.htm
CB_Web_948,http://www.nt-kx.com/product_list.htm
CB_Web_949,http://www.dynai.com/
CB_Web_950,"http://www.yutianchem.com/cgi/search-en.cgi?f=product_en+company_en_1_&t=product_en&w=product_en&cate2=Intermedine,agricultural%20chemical%20series"
CB_Web_951,http://www.amsheng.com/
CB_Web_952,http://www.zyspread.com/product.htm
CB_Web_953,http://www.chinatianyin.com/
CB_Web_954,http://www.wxyschem.com/
CB_Web_955,http://www.hrzhg6.1688.com/
CB_Web_956,https://www.chemicalbook.com/ShowSupplierProductsList16004/0_EN.htm
CB_Web_957,http://www.harvest-chem.com/
CB_Web_958,https://www.biocrick.com/
CB_Web_959,https://www.fuao.com/
CB_Web_960,http://www.hnliyuan.com/
CB_Web_961,https://www.chemicalbook.com/ShowSupplierProductsList1361170/0_EN.htm
CB_Web_962,http://www.greature.cn/
CB_Web_963,http://www.liduxcl.com/
CB_Web_964,http://www.haixinpharm.com/
CB_Web_965,https://www.rozenbio.com/
CB_Web_966,http://www.masteam.com/
CB_Web_967,https://www.sarms4muscle.com/
CB_Web_968,https://www.chemenu.com/products/CM103745.html
CB_Web_969,http://www.biobiopha.com/
CB_Web_970,http://www.immortalbio.com/
CB_Web_971,http://www.tombiopharma.com/
CB_Web_972,http://www.yanchem.com/
CB_Web_973,http://www.aminotp.com/
CB_Web_974,http://cn.twochem.com/
CB_Web_975,http://www.chemicalbook.com/ShowSupplierProductsList30903/0.htm
CB_Web_976,http://www.chemicalbook.com/ShowSupplierProductsList31092/0.htm
CB_Web_977,http://www.altus.com.cn/
CB_Web_978,http://www.clasienchem.com/
CB_Web_979,http://www.xinjinchemical.com/
CB_Web_980,http://www.acesys.cn/
CB_Web_981,http://duweike.chemnet.com/
CB_Web_982,http://www.datochem.com/
CB_Web_983,http://www.methese.com/
CB_Web_984,http://www.sinorarechem.com/
CB_Web_985,https://www.chemicalbook.com/ShowSupplierProductsList1589205/0.htm
CB_Web_986,http://www.honochem.com/
CB_Web_987,http://www.gdqianjinchem.com/
CB_Web_988,http://www.leadmedpharm.com/
CB_Web_989,http://www.kechem.cn/
CB_Web_990,https://www.chemicalbook.com/ShowSupplierProductsList111931/0.htm
CB_Web_991,https://www.chemicalbook.com/ShowSupplierProductsList30714/0.htm
CB_Web_992,http://www.jspharmatech.com/
CB_Web_993,http://www.antaeus-e.com/
CB_Web_994,http://www.hbwidely.cn/
CB_Web_995,https://%20Email:%20info@becaspharma.com/
CB_Web_996,https://www.pharmablock.com/
CB_Web_997,http://www.kingchemchina.com/
CB_Web_998,https://www.chemicalbook.com/manufacturer/crovell/
CB_Web_999,https://www.chinabmkpmk.com/
CB_Web_1000,https://www.chemicalbook.com/ShowSupplierProductsList1168917/0.htm
CB_Web_1001,https://www.chemicalbook.com/ShowSupplierProductsList988872/0.htm
CB_Web_1002,https://www.chemicalbook.com/manufacturer/hebei-guanlang-biotechnology/
CB_Web_1003,http://www.honestchemtop.com/
CB_Web_1004,http://www.spicgz.com/en/
CB_Web_1005,http://www.kingkongindustrial.com/
CB_Web_1006,https://www.chemicalbook.com/ShowSupplierProductsList957491/0.htm
CB_Web_1007,http://www.chenyichem.com/
CB_Web_1008,https://www.zyifu.com/
CB_Web_1009,https://www.lynabio.cn/
CB_Web_1010,https://www.chemicalbook.com/ShowSupplierProductsList732171/0.htm
CB_Web_1011,https://www.chemicalbook.com/ShowSupplierProductsList1890459/0.htm
CB_Web_1012,https://www.chemicalbook.com/ShowSupplierProductsList258827/0.htm
CB_Web_1013,http://www.followchem.com/
CB_Web_1014,http://www.hygeiapharm.com/
CB_Web_1015,http://www.syns.org/
CB_Web_1016,http://www.medsynbio.cn/
CB_Web_1017,http://www.pumeijihua.com/
CB_Web_1018,https://www.chemicalbook.com/ShowSupplierProductsList665224/0.htm
CB_Web_1019,https://www.chemicalbook.com/supplier/25521782/
CB_Web_1020,https://www.chemicalbook.com/ShowSupplierProductsList1986421/0.htm
CB_Web_1021,http://www.blocksynth.com/
CB_Web_1022,http://www.jlightchem.com/
CB_Web_1023,https://www.chemicalbook.com/ShowSupplierProductsList804170/0.htm
CB_Web_1024,https://www.chemicalbook.com/ShowSupplierProductsList362529/0_EN.htm
CB_Web_1025,http://www.haihepharm.cn/
CB_Web_1026,http://www.richfortunechem.com/
CB_Web_1027,http://www.cnsynchem.com/
CB_Web_1028,http://www.kindchem.cn/
CB_Web_1029,https://www.chemicalbook.com/ShowSupplierProductsList533033/0_EN.htm
CB_Web_1030,http://www.chnspice.com/
CB_Web_1031,http://www.luspharm.com/
CB_Web_1032,https://www.chemicalbook.com/ShowSupplierProductsList15679/0_EN.htm
CB_Web_1033,http://www.hengdian-group.com/
CB_Web_1034,http://www.sinohighchem.com/
CB_Web_1035,http://www.orichem.com/
CB_Web_1036,https://www.chemicalbook.com/ShowSupplierProductsList1348129/0_EN.htm
CB_Web_1037,https://www.chemicalbook.com/ShowSupplierProductsList7863/0.htm
CB_Web_1038,http://www.qtqchem.com/
CB_Web_1039,http://www.clean-chem.net/
CB_Web_1040,https://www.chemicalbook.com/ShowSupplierProductsList9386/0_EN.htm
CB_Web_1041,https://www.chemicalbook.com/ShowSupplierProductsList6499/0.htm
CB_Web_1042,http://www.njguanhua.com/
CB_Web_1043,http://www.keylabchem.com/
CB_Web_1044,http://www.zhuachem.com/
CB_Web_1045,http://www.megarchem.com/
CB_Web_1046,http://www.fufangchem.com/
CB_Web_1047,https://www.chemicalbook.com/ShowSupplierProductsList18474/0.htm
CB_Web_1048,http://www.rundehuagong.com/
CB_Web_1049,http://www.sfchemicals.com/chinese/products/products.asp?page=1
CB_Web_1050,http://www.panoxi.com/
CB_Web_1051,https://www.chemicalbook.com/ShowSupplierProductsList10725/0_EN.htm
CB_Web_1052,http://www.jdylchem.com/
CB_Web_1053,https://www.chemicalbook.com/ShowSupplierProductsList17977/0_EN.htm
CB_Web_1054,https://www.chemicalbook.com/ShowSupplierProductsList954610/0.htm
CB_Web_1055,http://www.lianyichem.com/
CB_Web_1056,http://www.yilishiji.com/
CB_Web_1057,https://www.chemicalbook.com/ShowSupplierProductsList28809/0.htm
CB_Web_1058,https://www.chemicalbook.com/ShowSupplierProductsList12829/0.htm
CB_Web_1059,http://www.hclq.com/
CB_Web_1060,http://www.amino-acids.cn/
CB_Web_1061,http://www.xianglongpharm.com/
CB_Web_1062,https://www.chemicalbook.com/ShowSupplierProductsList1208883/0_EN.htm
CB_Web_1063,http://www.tianhuamedicine.com/
CB_Web_1064,http://www.czhongyu-chem.com/
CB_Web_1065,http://www.modeltemol.com/
CB_Web_1066,http://www.china-weilang.com/
CB_Web_1067,http://www.greenchem-china.com/
CB_Web_1068,http://www.hbjingbo.cn/
CB_Web_1069,https://www.firsky-cn.com/
CB_Web_1070,http://www.hongyanchem.com/
CB_Web_1071,http://www.senaochem.com/
CB_Web_1072,http://www.xinyachem.com/
CB_Web_1073,https://www.chemicalbook.com/ShowSupplierProductsList15482/0_EN.htm
CB_Web_1074,http://www.realsunchem.com/
CB_Web_1075,http://www.jltpharm.com/
CB_Web_1076,http://www.chemhaohan.com/
CB_Web_1077,http://www.sjzchx.com/
CB_Web_1078,http://www.yudong-chem.com/
CB_Web_1079,http://www.rennotech.com/
CB_Web_1080,http://www.wfyuanye.com/
CB_Web_1081,http://www.med-bio.cn/
CB_Web_1082,https://www.hubeichenghai.com/
CB_Web_1083,http://www.hubeiwidely.com/
CB_Web_1084,https://www.chemicalbook.com/ShowSupplierProductsList215647/0.htm
CB_Web_1085,http://www.gzshhxkj.com/Index.htm
CB_Web_1086,https://www.chemicalbook.com/ShowSupplierProductsList250225/0_EN.htm
CB_Web_1087,https://www.chemicalbook.com/ShowSupplierProductsList1969480/0_EN.htm
CB_Web_1088,https://www.wanyezhongcheng.com/
CB_Web_1089,https://www.chemenu.com/products/CM247488.html
CB_Web_1090,http://www.zzzwchem.com/
CB_Web_1091,http://www.cswchem.com/
CB_Web_1092,http://www.grandachem.com/cgi/search-en.cgi?f=company_en_1_+product_en+product_en_1_&id=389909&t=product_en_1_
CB_Web_1093,http://www.doingcom.com/
CB_Web_1094,http://www.dimachema.com/
CB_Web_1095,http://www.anadev.com/product.htm
CB_Web_1096,http://www.ecofinechem.com/product7_cn.htm
CB_Web_1097,http://www.epochem.com/contact.htm
CB_Web_1098,https://www.chemicalbook.com/ShowSupplierProductsList31409/0.htm
CB_Web_1099,http://www.focihydro.com/
CB_Web_1100,https://www.chemicalbook.com/ShowSupplierProductsList1374269/0.htm
CB_Web_1101,https://www.chemicalbook.com/manufacturer/hebei-miaoyin-technology-25082/
CB_Web_1102,http://www.tautobiotech.com/
CB_Web_1103,http://www.chinaorganicchem.com/
CB_Web_1104,http://www.njguanhua.com/exhibit2/exhview.asp?pid=159
CB_Web_1105,http://www.qia-aina.com/
CB_Web_1106,http://www.gaohechem.com/
CB_Web_1107,https://www.chemicalbook.com/ShowSupplierProductsList1502108/0.htm
CB_Web_1108,https://www.chemicalbook.com/ShowSupplierProductsList376857/0.htm
CB_Web_1109,http://www.qdruifengyuan.com/
CB_Web_1110,https://www.chemicalbook.com/ShowSupplierProductsList1540603/0_EN.htm
CB_Web_1111,https://www.chemicalbook.com/ShowSupplierProductsList16192/0_EN.htm
CB_Web_1112,http://www.kaimilaibo.com/cn/
CB_Web_1113,http://www.thinkerchem.com/
CB_Web_1114,http://topule.com/
CB_Web_1115,https://www.chemicalbook.com/ShowSupplierProductsList928260/0_EN.htm
CB_Web_1116,https://www.dcchemicals.com/product_show-NSC_683544.html
CB_Web_1117,https://www.chemenu.com/products/CM110212.html
CB_Web_1118,http://www.l-k-p.cn/
CB_Web_1119,http://www.shengdapharm.com/
CB_Web_1120,https://www.whluoshikj.com/
CB_Web_1121,http://www.sphchina.com/
CB_Web_1122,https://www.chemicalbook.com/ShowSupplierProductsList8240/0_EN.htm
CB_Web_1123,http://www.choriway.com/
CB_Web_1124,http://www.terrabiochem.com/
CB_Web_1125,http://www.selleck.cn/products/sulphadimethoxine.html
CB_Web_1126,https://www.chemicalbook.com/ShowSupplierProductsList18834/0_EN.htm
CB_Web_1127,http://www.frappspharma.com/
CB_Web_1128,http://www.jiuzhoupharma.com/
CB_Web_1129,http://www.yickvic.com/CHEMICAL_ITEMS_0507.pdf
CB_Web_1130,http://www.yilubiont.com/
CB_Web_1131,http://www.regentsciences.com/
CB_Web_1132,https://www.chemicalbook.com/ShowSupplierProductsList1732734/0.htm
CB_Web_1133,https://www.chemicalbook.com/
CB_Web_1134,http://www.yayubio.com/
CB_Web_1135,http://www.g-clone.com/
CB_Web_1136,https://www.chemicalbook.com/supplier/24275232/1.htm
CB_Web_1137,https://www.chemegen.com/
CB_Web_1138,https://www.chemicalbook.com/Supplier/23754455/
CB_Web_1139,http://www.widelychemical.com/
CB_Web_1140,https://www.chemicalbook.com/supplier/24837124/
CB_Web_1141,http://www.feiyubio.com/
CB_Web_1142,http://www.ynsciences.com/
CB_Web_1143,https://www.chemicalbook.com/ShowSupplierProductsList245761/0.htm
CB_Web_1144,https://www.aribopharm.com/index.html
CB_Web_1145,https://www.chemicalbook.com/ShowSupplierProductsList1159259/0.htm
CB_Web_1146,https://www.chemicalbook.com/ShowSupplierProductsList1427275/0.htm
CB_Web_1147,https://www.chemicalbook.com/ShowSupplierProductsList803691/0.htm
CB_Web_1148,https://www.chemicalbook.com/ShowSupplierProductsList1964511/0.htm
CB_Web_1149,https://www.chemicalbook.com/ShowSupplierProductsList1986401/0.htm
CB_Web_1150,https://www.chemicalbook.com/ShowSupplierProductsList823200/0_EN.htm
CB_Web_1151,https://www.chemicalbook.com/ShowSupplierProductsList1696301/0.htm
CB_Web_1152,https://www.chemicalbook.com/ShowSupplierProductsList1980531/0.htm
CB_Web_1153,http://www.wugan.com/
CB_Web_1154,http://www.jstsyy.com/
CB_Web_1155,https://www.chemicalbook.com/ShowSupplierProductsList1667128/0.htm
CB_Web_1156,http://www.whiga.com.cn/
CB_Web_1157,https://www.chemicalbook.com/ShowSupplierProductsList112482/0.htm
CB_Web_1158,https://www.chemicalbook.com/ShowSupplierProductsList74966/0.htm
CB_Web_1159,http://www.yuduobio.com/
CB_Web_1160,http://www.shyskits.com/
CB_Web_1161,http://www.ctesting-bio.com/
CB_Web_1162,http://www.mokesitech.com/
CB_Web_1163,https://detail.1688.com/offer/707882573069.html
CB_Web_1164,https://www.chemicalbook.com/ShowSupplierProductsList31188/0.htm
CB_Web_1165,https://www.aqbiopharma.com.cn/
CB_Web_1166,http://www.jiejiegroup.com/
CB_Web_1167,http://www.afbiochem.com/
CB_Web_1168,https://www.bidepharm.com/
CB_Web_1169,http://www.qyubiotech.com/
CB_Web_1170,https://www.chemicalbook.com/ShowSupplierProductsList16212/0.htm
CB_Web_1171,http://www.hotechem.com/
CB_Web_1172,http://www.chemicalbook.com/ShowSupplierProductsList30712/0.htm
CB_Web_1173,http://www.titansci.com/
CB_Web_1174,http://www.mingdouchem.com/
CB_Web_1175,http://www.biochempartner.com/
CB_Web_1176,http://www.shmychem.com/
CB_Web_1177,http://www.achchem.com/
CB_Web_1178,http://www.shao-yuan.com/
CB_Web_1179,https://www.chemicalbook.com/ShowSupplierProductsList30283/0_EN.htm
CB_Web_1180,http://www.trade-chem.com/
CB_Web_1181,http://www.kaiyuanchem.com/
CB_Web_1182,http://www.jinhuada.com/
CB_Web_1183,http://www.charna.com/
CB_Web_1184,https://www.chemicalbook.com/ShowSupplierProductsList4908/0.htm
CB_Web_1185,https://www.chemicalbook.com/ShowSupplierProductsList12791/0_EN.htm
CB_Web_1186,https://www.chemicalbook.com/ShowSupplierProductsList6419/0.htm
CB_Web_1187,http://www.gyjmy.com/
CB_Web_1188,http://www.aohuachem.com/
CB_Web_1189,http://www.akzonobel-polymerchemicals.cn/ProductSelector/
CB_Web_1190,https://www.chemicalbook.com/ShowSupplierProductsList5684/0.htm
CB_Web_1191,http://www.sshwhg.com/
CB_Web_1192,https://www.chemicalbook.com/ShowSupplierProductsList5615/0.htm
CB_Web_1193,http://www.shlrchem.com/
CB_Web_1194,http://www.deruichem.com/
CB_Web_1195,http://www.hhdpharm.com/
CB_Web_1196,http://www.qdkxchem.com/
CB_Web_1197,https://www.chemicalbook.com/ShowSupplierProductsList1770979/0.htm
CB_Web_1198,http://www.ym-biotech.cn/
CB_Web_1199,http://www.jinanfeiyuehuagong.com/
CB_Web_1200,http://www.jnqshg.cn/
CB_Web_1201,https://www.shachemlin.cn/
CB_Web_1202,http://www.xiyuan-bio.com/
CB_Web_1203,http://www.china-yime.com/product.asp
CB_Web_1204,https://www.chemicalbook.com/UserManager/Login_EN.aspx?redirect=&AcceptsCooki%20es=yes
CB_Web_1205,http://www.xinhaoshengwu.com/
CB_Web_1206,https://www.chemicalbook.com/ShowSupplierProductsList1875604/0_EN.htm
CB_Web_1207,http://www.dulynet.com/
CB_Web_1208,https://www.chemenu.com/products/CM115930.html
CB_Web_1209,http://www.realanabolicsteroids.com/
CB_Web_1210,http://www.fengming-lc.com/
CB_Web_1211,http://www.lanbaichem.com/
CB_Web_1212,http://www.hnjlchem.com/
CB_Web_1213,http://www.dotp.com.cn/
CB_Web_1214,http://www.bjyangcun.com/
CB_Web_1215,https://www.chemicalbook.com/ShowSupplierProductsList11672/0_EN.htm
CB_Web_1216,https://www.chemicalbook.com/ShowSupplierProductsList12113/0_EN.htm
CB_Web_1217,http://www.xlhg.com/product_list.asp?list=279
CB_Web_1218,https://www.chemicalbook.com/ShowSupplierProductsList9510/0.htm
CB_Web_1219,http://www.zjqchem.com/
CB_Web_1220,http://www.chinabychem.com/
CB_Web_1221,https://www.chemicalbook.com/ShowSupplierProductsList6361/0_EN.htm
CB_Web_1222,http://www.sunheat.cn/
CB_Web_1223,https://www.chemicalbook.com/ShowSupplierProductsList8373/0.htm
CB_Web_1224,https://www.chemicalbook.com/ShowSupplierProductsList4635/0.htm
CB_Web_1225,https://www.chemicalbook.com/ShowSupplierProductsList5346/0_EN.htm
CB_Web_1226,http://www.czdfchem.com/
CB_Web_1227,http://www.qycxchem.com/
CB_Web_1228,https://www.chemicalbook.com/ShowSupplierProductsList18361/0.htm
CB_Web_1229,https://www.chemicalbook.com/ShowSupplierProductsList18359/0_EN.htm
CB_Web_1230,https://www.chemicalbook.com/ShowSupplierProductsList17264/0_EN.htm
CB_Web_1231,https://www.chemicalbook.com/ShowSupplierProductsList19004/0_EN.htm
CB_Web_1232,https://www.chemicalbook.com/ShowSupplierProductsList12754/0_EN.htm
CB_Web_1233,http://www.jiuhaichem.cn/
CB_Web_1234,https://www.chemicalbook.com/ShowSupplierProductsList18677/0_EN.htm
CB_Web_1235,http://www.yjhxp.com/
CB_Web_1236,https://www.chemicalbook.com/ShowSupplierProductsList18731/0_EN.htm
CB_Web_1237,http://www.yufenggp.com/
CB_Web_1238,https://www.chemicalbook.com/ShowSupplierProductsList18308/0_EN.htm
CB_Web_1239,http://www.xi-lian.com/
CB_Web_1240,http://www.gzgcle.com/
CB_Web_1241,http://www.puyerbiopharma.com/
CB_Web_1242,http://www.klbscience.com/
CB_Web_1243,https://www.chemicalbook.com/ShowSupplierProductsList1925669/0.htm
CB_Web_1244,http://www.xlswkj.com/
CB_Web_1245,https://qschem-pharma.com/
CB_Web_1246,https://www.chemicalbook.com/manufacturer/hebei-yanxi-chemical-283/
CB_Web_1247,https://www.chemicalbook.com/manufacturer/hebei-yanxi-chemical-283/product_0_1.htm
CB_Web_1248,https://www.chemicalbook.com/ShowSupplierProductsList211645/0.htm
CB_Web_1249,http://www.unipharm-sd.com/
CB_Web_1250,http://www.api-made.com/
CB_Web_1251,https://www.chemicalbook.com/ShowSupplierProductsList1140312/0.htm
CB_Web_1252,http://www.wisdomchem.com/
CB_Web_1253,https://www.chemicalbook.com/ShowSupplierProductsList30669/0.htm
CB_Web_1254,https://www.chemicalbook.com/ShowSupplierProductsList30695/0.htm
CB_Web_1255,https://www.chemicalbook.com/ShowSupplierProductsList30871/0.htm
CB_Web_1256,http://www.laurel-pharma.com/
CB_Web_1257,https://www.shao-yuan.com/
CB_Web_1258,http://www.popebiotech.com/
CB_Web_1259,http://www.ysqchem.com/
CB_Web_1260,https://www.chemicalbook.com/ShowSupplierProductsList231967/0.htm
CB_Web_1261,https://www.chemicalbook.com/ShowSupplierProductsList15702/0_EN.htm
CB_Web_1262,http://www.angelpharmatech.com/
CB_Web_1263,http://www.lantu-tech.com/
CB_Web_1264,http://www.apeloa.com/En/
CB_Web_1265,http://en.nuowei-chem.com/index.html
CB_Web_1266,https://www.wastonchem.com/
CB_Web_1267,http://www.ingredients-lonier.com/
CB_Web_1268,http://www.chemworth.com/
CB_Web_1269,http://www.ykychem.com/
CB_Web_1270,https://www.chemicalbook.com/ShowSupplierProductsList19312/0.htm
CB_Web_1271,http://www.tjwyeth.com/
CB_Web_1272,http://www.zhuoruichem.com/
CB_Web_1273,http://www.forxine.com/
CB_Web_1274,http://www.chemicalbook.com/ShowSupplierProductsList30863/0.htm
CB_Web_1275,http://www.hbhxry.com/
CB_Web_1276,http://www.chemicalbook.com/ShowSupplierProductsList31378/0.htm
CB_Web_1277,https://www.chemicalbook.com/ShowSupplierProductsList833244/0_EN.htm
CB_Web_1278,http://www.zjhysw.cn/
CB_Web_1279,http://www.marvel-bio.com/
CB_Web_1280,http://www.brillipharm.com/
CB_Web_1281,https://www.chemicalbook.com/ShowSupplierProductsList1121073/0_EN.htm
CB_Web_1282,http://www.orderchem.com/
CB_Web_1283,http://www.jsyzhg.com/
CB_Web_1284,http://www.robiot.com/
CB_Web_1285,http://www.bzlude.com/
CB_Web_1286,http://www.sinojie.com/
CB_Web_1287,http://www.huaxuchem.com/
CB_Web_1288,https://www.chemicalbook.com/ShowSupplierProductsList4110/0.htm
CB_Web_1289,http://www.benniuchem.com/
CB_Web_1290,http://www.ry-chem.com/
CB_Web_1291,http://www.zhongchangchemical.com/
CB_Web_1292,https://www.chemicalbook.com/ShowSupplierProductsList18608/0_EN.htm
CB_Web_1293,http://www.xiangdetech.com/
CB_Web_1294,https://www.chemicalbook.com/ShowSupplierProductsList17891/0.htm
CB_Web_1295,http://www.whxhsd.com.cn/
CB_Web_1296,http://www.hblschem.com/
CB_Web_1297,http://www.hengshuochem.com/
CB_Web_1298,http://www.dakangchem.net/
CB_Web_1299,https://www.chemicalbook.com/ShowSupplierProductsList1889162/0.htm
CB_Web_1300,http://www.sgdhchem.com/
CB_Web_1301,http://www.sinonchem.com/
CB_Web_1302,http://www.kunxiangda.com/
CB_Web_1303,https://www.chemicalbook.com/ShowSupplierProductsList30222/0.htm
CB_Web_1304,http://www.uhnshanghai.com/
CB_Web_1305,http://www.hfdpharm.com/
CB_Web_1306,http://www.sprchem.com/
CB_Web_1307,https://www.chemicalbook.com/manufacturer/henan-alfa-chemical-570/
CB_Web_1308,http://www.qdrenas.net/
CB_Web_1309,http://www.zkhtchem.com/
CB_Web_1310,http://www.hebeismart.com/
CB_Web_1311,http://www.gcchem.com.cn/products_detail.asp?id=254
CB_Web_1312,http://www.sfchemicals.com/
CB_Web_1313,http://www.jiahuachem.com.cn/
CB_Web_1314,https://www.chemicalbook.com/ShowSupplierProductsList8489/0.htm
CB_Web_1315,http://www.kylinchemicals.com/
CB_Web_1316,http://www.sdxcchem.com/
CB_Web_1317,http://www.lntchem.com/
CB_Web_1318,http://www.vanzpharm.com/
CB_Web_1319,http://www.huihuachem.com/
CB_Web_1320,https://www.chemicalbook.com/ShowSupplierProductsList154251/0.htm
CB_Web_1321,https://www.anstarchemical.com/
CB_Web_1322,http://www.senfeida.com/
CB_Web_1323,http://www.gzschem.com/
CB_Web_1324,http://www.biobw.com/
CB_Web_1325,http://www.zzsrm.com/
CB_Web_1326,http://www.elsa-biotech.com/
CB_Web_1327,https://www.chemicalbook.com/ShowSupplierProductsList95512/0.htm
CB_Web_1328,http://www.jiechengchem.com/
CB_Web_1329,https://www.dcchemicals.com/product_show-Xylazine.html
CB_Web_1330,http://www.ahhchemical.com/product/MT-54749.html
CB_Web_1331,http://www.bomeibio.com/
CB_Web_1332,http://www.njpharmchem.com/
CB_Web_1333,http://www.inter-chemical.com/Veterinary%20Bulk%20actives.htm
CB_Web_1334,http://www.wedochem.com/
CB_Web_1335,http://www.standard.com.tw/
CB_Web_1336,http://www.asunchem.com/
CB_Web_1337,http://www.pana-life.net/
CB_Web_1338,https://www.chemicalbook.com/ShowSupplierProductsList1944721/0.htm
CB_Web_1339,https://www.chemicalbook.com/ShowSupplierProductsList1982264/0.htm
CB_Web_1340,http://www.gemanchem.com/
CB_Web_1341,http://www.chinahaling.com/
CB_Web_1342,https://www.hongjinchem.com/
CB_Web_1343,http://www.trywchem.com/
CB_Web_1344,https://www.dcchemicals.com/product_show-Butyrophenone.html
CB_Web_1345,https://www.chemenu.com/products/CM253183.html
CB_Web_1346,http://www.nakochem.com/
CB_Web_1347,http://www.cbc-china.cn/
CB_Web_1348,http://www.costrongpharm.com/
CB_Web_1349,https://www.chemicalbook.com/supplier/24285782/
CB_Web_1350,http://www.biochem-mart.com/
CB_Web_1351,https://www.chemicalbook.com/supplier/14555231/
CB_Web_1352,https://www.chemicalbook.com/ShowSupplierProductsList609915/0.htm
CB_Web_1353,https://www.chemicalbook.com/manufacturer/hubei-chuyan-biomedical-25209/
CB_Web_1354,https://www.chemicalbook.com/manufacturer/hubei-qianjia-chemical-520/
CB_Web_1355,http://www.aromaessentialoil.com/offers_range/flavours/manufacturer/p-0/Natural_Aromatic_Chemical.htm
CB_Web_1356,https://www.chemicalbook.com/manufacturer/jinan-carbotang-biotech-107/
CB_Web_1357,http://www.xuanmingchem.com/index_en.html
CB_Web_1358,https://www.chemicalbook.com/manufacturer/-25229/
CB_Web_1359,https://www.chemenu.com/products/CM283300.html
CB_Web_1360,http://www.ahhchemical.com/product/MT-60324.html
CB_Web_1361,http://www.jiuxinpharm.com/
CB_Web_1362,http://www.yuejuechemical.com/
CB_Web_1363,https://www.chemicalbook.com/ShowSupplierProductsList6259/0.htm
CB_Web_1364,https://www.chemicalbook.com/ShowSupplierProductsList7082/0.htm
CB_Web_1365,https://www.chemicalbook.com/ShowSupplierProductsList18175/0_EN.htm
CB_Web_1366,http://www.tjmchem.com/
CB_Web_1367,https://www.chemicalbook.com/ShowSupplierProductsList1969480/0.htm
CB_Web_1368,https://www.sklnchem.cn/
CB_Web_1369,https://www.chemicalbook.com/supplier/23509015/
CB_Web_1370,http://www.wodesenshengwu.com/
CB_Web_1371,http://www.bingfengchem.com/
CB_Web_1372,http://www.chemicalbook.com/ShowSupplierProductsList1875604/0_EN.htm
CB_Web_1373,https://www.chemicalbook.com/manufacturer/nantong-guangyuan-pharmaceutical-technology-25216/
CB_Web_1374,https://www.chemicalbook.com/manufacturer/henan-lihao-chem-plant-25020/
CB_Web_1375,http://www.keyanlab.com/cgi/search-en.cgi?f=product_en_1_&t=product_en_1_&id=459544
CB_Web_1376,http://www.hohance.com/
CB_Web_1377,https://www.chemicalbook.com/ShowSupplierProductsList68594/0.htm
CB_Web_1378,https://www.chemicalbook.com/ShowSupplierProductsList880482/0.htm
CB_Web_1379,https://www.dcchemicals.com/product_show-NSC65667.html
CB_Web_1380,http://www.zhenfeichem.com/
CB_Web_1381,http://www.effchemical.com/
CB_Web_1382,http://www.zitrans.cn/
CB_Web_1383,http://www.ruiqingchem.com/
CB_Web_1384,https://www.chemenu.com/products/CM329170.html
CB_Web_1385,http://www.njcavendish.com/
CB_Web_1386,http://www.hdpharm.com.cn/product1_c.html
CB_Web_1387,http://www.originchem.com/
CB_Web_1388,http://www.zr-pharmaceutical.com/
CB_Web_1389,https://www.wan-yao.com/
CB_Web_1390,https://www.chemenu.com/products/CM186685.html
CB_Web_1391,http://www.chemorganic.com/
CB_Web_1392,http://www.chunfengchem.com/cgi/search-cn.cgi?f=product_cn1&t=product_cn&w=product_cn1&n=3
CB_Web_1393,http://www.oceanchemical.com/
CB_Web_1394,http://www.cz-finechemical.com/p1.htm
CB_Web_1395,http://www.tzchemical.com/template/2-chloroethyl-cn.htm
CB_Web_1396,https://www.chemicalbook.com/ShowSupplierProductsList13853/0.htm
CB_Web_1397,http://www.sepharm.com.cn/
CB_Web_1398,https://www.chemicalbook.com/ShowSupplierProductsList1631868/0_EN.htm
CB_Web_1399,http://www.sanhebiochem.com/
CB_Web_1400,http://www.runbo.biomart.cn/
CB_Web_1401,https://www.dcchemicals.com/product_show-Phenylacetaldehyde.html
CB_Web_1402,http://www.chemicalbook.com/ShowSupplierProductsList30395/0.htm
CB_Web_1403,http://www.kuanhao.com/
CB_Web_1404,http://www.flavor-fragrance.cn/
CB_Web_1405,https://www.chemicalbook.com/ShowSupplierProductsList6050/0_EN.htm
CB_Web_1406,https://www.chemicalbook.com/supplier/25270903/
CB_Web_1407,http://www.junlongbio.com/
CB_Web_1408,https://www.wolfabio.com/
CB_Web_1409,http://www.u-chemo.com/
CB_Web_1410,https://www.chemicalbook.com/ShowSupplierProductsList19028/0.htm
CB_Web_1411,http://puksh.com/article.php?id=4
CB_Web_1412,https://www.chemicalbook.com/ShowSupplierProductsList30362/0_EN.htm
CB_Web_1413,http://www.sytt045.cn.nowec.com/
CB_Web_1414,http://www.apicn.net/
CB_Web_1415,http://www.heynovachem.com/
CB_Web_1416,https://www.chemicalbook.com/ShowSupplierProductsList1674475/0_EN.htm
CB_Web_1417,http://www.chemicalbook.com/ShowSupplierProductsList16293/0.htm
CB_Web_1418,http://www.legendpharm.com/
CB_Web_1419,http://www.cm-chanmol.cn/
CB_Web_1420,http://www.chinaoceanchem.com/
CB_Web_1421,http://www.star-chem.com/template/product20.htm
CB_Web_1422,https://www.chemicalbook.com/ShowSupplierProductsList9288/0.htm
CB_Web_1423,http://www.chemhome.com.cn/cpml-1e.htm
CB_Web_1424,http://www.knowshine.com/CHEMICALS-c.htm
CB_Web_1425,http://www.tasly.com/
CB_Web_1426,https://www.chemicalbook.com/ShowSupplierProductsList4960/0.htm
CB_Web_1427,http://www.yfchem.com/
CB_Web_1428,http://www.xzcychem.com/
CB_Web_1429,https://www.chemicalbook.com/ShowSupplierProductsList5897/0.htm
CB_Web_1430,http://www.chancedoor.com/pro_detail.asp?p_id=282
CB_Web_1431,http://www.yxchem.cn/
CB_Web_1432,http://www.hezhanchem.cn/
CB_Web_1433,https://www.chemicalbook.com/ShowSupplierProductsList18411/0.htm
CB_Web_1434,https://www.chemicalbook.com/ShowSupplierProductsList6454/0.htm
CB_Web_1435,http://www.aitanchem.com/
CB_Web_1436,http://www.systeambc.com/
CB_Web_1437,https://www.arborpharmchem.com/zh-hans/
CB_Web_1438,https://www.chemicalbook.com/ShowSupplierProductsList1947457/0.htm
CB_Web_1439,https://www.chemicalbook.com/ShowSupplierProductsList274863/0.htm
CB_Web_1440,http://www.inspochem.com/
CB_Web_1441,https://www.chemicalbook.com/ShowSupplierProductsList1427518/0.htm
CB_Web_1442,http://www.dilupharm.com/
CB_Web_1443,http://www.phystandard.com.cn/
CB_Web_1444,http://www.xazbbio.com/
CB_Web_1445,http://www.biosynce.com/
CB_Web_1446,http://www.richmol.com/
CB_Web_1447,https://www.chemicalbook.com/ShowSupplierProductsList1483029/0_EN.htm
CB_Web_1448,https://www.chemicalbook.com/ShowSupplierProductsList20174/0.htm
CB_Web_1449,https://www.chemicalbook.com/ShowSupplierProductsList433031/0_EN.htm
CB_Web_1450,http://www.ahhchemical.com/product/MT-58202.html
CB_Web_1451,http://www.yukaichem.com/
CB_Web_1452,http://www.loyalgain.cn/product/Organic.htm
CB_Web_1453,https://www.chemicalbook.com/ShowSupplierProductsList7064/0.htm
CB_Web_1454,https://www.chemicalbook.com/ShowSupplierProductsList12496/0.htm
CB_Web_1455,https://www.chemicalbook.com/ShowSupplierProductsList5635/0_EN.htm
CB_Web_1456,https://www.dcchemicals.com/product_show-DC20134.html
CB_Web_1457,https://www.chemenu.com/products/CM115966.html
CB_Web_1458,http://www.chemfar.cn/
CB_Web_1459,http://www.novanb.com.cn/
CB_Web_1460,http://www.chemicalbook.com/ShowSupplierProductsList30974/0.htm
CB_Web_1461,http://www.www.cn.toocle.com/
CB_Web_1462,http://www.jgbschem.com/
CB_Web_1463,https://www.chemicalbook.com/ShowSupplierProductsList7225/0_EN.htm
CB_Web_1464,https://www.chemicalbook.com/ShowSupplierProductsList12857/0_EN.htm
CB_Web_1465,http://www.stleoip.com/cgi/search-en.cgi?f=product_en%20company_en_1_;t=product_en1;w=product_en;cate2=FLAVOR%2FCOMPOUND%20ESSENCE&p=1
CB_Web_1466,http://www.shyuanqiang.com/
CB_Web_1467,http://www.ks-bhy.com/
CB_Web_1468,http://www.sinochem-guangdong.com/
CB_Web_1469,http://www.hueiho.com/
CB_Web_1470,http://www.huishenchem.com/
CB_Web_1471,http://www.darleychem.com/
CB_Web_1472,https://www.chemicalbook.com/ShowSupplierProductsList6430/0.htm
CB_Web_1473,http://www.yunbangapi.com/
CB_Web_1474,http://www.hbwidelyreagent.com/
CB_Web_1475,https://www.chemicalbook.com/supplier/23627897/
CB_Web_1476,http://www.keyanlab.com/cgi/search-en.cgi?f=product_en_1_&t=product_en_1_&id=459462
CB_Web_1477,http://advtechind.com/Spl/result.asp?Search_title=p_ename&radiobutton=RB1&search_txt=one&offset=3200
CB_Web_1478,https://www.sk-chem.cn/
CB_Web_1479,http://jpjchem.com/
CB_Web_1480,http://www.instrument.com.cn/
CB_Web_1481,http://www.biolianshuo.com/
CB_Web_1482,http://www.runwelltac.com/
CB_Web_1483,https://www.chemicalbook.com/ShowSupplierProductsList1042257/0.htm
CB_Web_1484,http://www.shrbio.com/
CB_Web_1485,http://www.ziqibio.com/
CB_Web_1486,http://www.yuduopio.com/
CB_Web_1487,http://www.caiyoubio.com/
CB_Web_1488,http://www.51chaotyan.com/
CB_Web_1489,http://www.biohj.com/
CB_Web_1490,https://www.chemicalbook.com/manufacturer/shaanxi-dideu-medichem-220/
CB_Web_1491,http://www.chemicalbook.com/ShowSupplierProductsList31188/0_EN.htm
CB_Web_1492,https://www.chemicalbook.com/manufacturer/shaanxi-dideu-medichem-221/
CB_Web_1493,https://www.dcchemicals.com/product_show-1-Phenyl-2-nitropropene.html
CB_Web_1494,https://www.chemenu.com/products/CM254662.html
CB_Web_1495,http://www.ahhchemical.com/product/MT-35153.html
CB_Web_1496,http://www.hopschem.com/
CB_Web_1497,http://www.ketone-aminechem.com/
CB_Web_1498,http://www.nutri-chem.com/
CB_Web_1499,http://www.starrymed.com/
CB_Web_1500,https://www.chemicalbook.com/manufacturer/shandong-huisheng-import-export-25188/
CB_Web_1501,https://www.chemenu.com/products/CM247426.html
CB_Web_1502,http://www.cyclichem.com/
CB_Web_1503,http://www.jinkai-chem.com/
CB_Web_1504,http://www.winningchem.com/
CB_Web_1505,http://www.chundachem.com/
CB_Web_1506,http://www.enbangchem.com/
CB_Web_1507,http://www.consonchem.com/
CB_Web_1508,https://www.zshchem.com/
CB_Web_1509,https://www.chemicalbook.com/manufacturer/shanghai-longyu-biotechnology-164/
CB_Web_1510,http://www.benjaminpharmchem.com/
CB_Web_1511,https://www.chemenu.com/products/CM303358.html
CB_Web_1512,http://www.dawnraypharma.com/
CB_Web_1513,http://www.hbsjxcl.com/
CB_Web_1514,http://www.kaiyunpharma.com/
CB_Web_1515,http://www.tzeastchem.com/
CB_Web_1516,http://www.cd-chem.com/
CB_Web_1517,https://www.chemicalbook.com/ShowSupplierProductsList10985/0.htm
CB_Web_1518,http://www.refhg.com/
CB_Web_1519,http://www.chemsida.com/p23c.htm
CB_Web_1520,https://www.chemicalbook.com/ShowSupplierProductsList13736/0_EN.htm
CB_Web_1521,http://www.odoc-co.com/
CB_Web_1522,http://www.refoundchem.com/pages/zjt4.htm
CB_Web_1523,http://www.zjjh-finechem.com/
CB_Web_1524,https://www.chemicalbook.com/ShowSupplierProductsList5908/0_EN.htm
CB_Web_1525,http://www.hblwhg.com/
CB_Web_1526,http://www.58chem.cn/
CB_Web_1527,https://www.wanhechemicals.com/
CB_Web_1528,https://www.chemenu.com/products/CM254723.html
CB_Web_1529,http://bamchem.company.lookchem.cn/about/
CB_Web_1530,http://www.chemicalbook.com/ShowSupplierProductsList31010/0.htm
CB_Web_1531,http://www.chengenchem.com/
CB_Web_1532,https://www.chemicalbook.com/ShowSupplierProductsList30552/0.htm
CB_Web_1533,https://www.chemicalbook.com/ShowSupplierProductsList248599/0_EN.htm
CB_Web_1534,https://www.chemicalbook.com/ShowSupplierProductsList1444924/0_EN.htm
CB_Web_1535,http://www.fdc-chemical.com/
CB_Web_1536,https://www.chemicalbook.com/supplier/14699560/
CB_Web_1537,https://www.whqfchem.com/
CB_Web_1538,http://www.cdforestchem.com/
CB_Web_1539,https://www.chemicalbook.com/ShowSupplierProductsList15693/0_EN.htm
CB_Web_1540,http://www.rosen-chemicals.com/
CB_Web_1541,http://hanlinchemical.com/
CB_Web_1542,https://www.chemicalbook.com/ShowSupplierProductsList1554402/0.htm
CB_Web_1543,http://www.klinechem.com/
CB_Web_1544,https://www.chembuying.com/
CB_Web_1545,http://www.bysw.ltd/
CB_Web_1546,https://www.chemicalbook.com/manufacturer/shanghai-nuo-rui-hua-new-material-technology-25180/
CB_Web_1547,https://www.chemicalbook.com/ShowSupplierProductsList1274886/0.htm
CB_Web_1548,http://www.bakeuchem.com/
CB_Web_1549,https://www.chemicalbook.com/manufacturer/shanghai-worldyang-chemical-203/
CB_Web_1550,https://www.chemicalbook.com/manufacturer/shanghai-yunao-international-trade-414/product_0_1.htm
CB_Web_1551,https://www.dcchemicals.com/product_show-U069593.html
CB_Web_1552,http://www.nbs-bio.com/
CB_Web_1553,http://www.benrochem.com.cn/
CB_Web_1554,https://www.chemicalbook.com/ShowSupplierProductsList1735163/0_EN.htm
CB_Web_1555,http://www.bohuasw.com/
CB_Web_1556,http://www.yaoyunbio.com/
CB_Web_1557,http://www.bjbiocreative.com/
CB_Web_1558,http://www.ebioeasy.com.cn/
CB_Web_1559,http://www.f-biology.com/
CB_Web_1560,http://www.chenxue-biotech.com/
CB_Web_1561,http://www.absin.cn/
CB_Web_1562,http://www.szzxbio.com/
CB_Web_1563,https://www.dcchemicals.com/product_show-azd1940.html
CB_Web_1564,https://www.chemicalbook.com/ShowSupplierProductsList68594/0_EN.htm
CB_Web_1565,https://www.chemicalbook.com/ShowSupplierProductsList30836/0_EN.htm
CB_Web_1566,http://www.zzhg585858.cn.makepolo.com/
CB_Web_1567,http://www.51chaoyan.com/
CB_Web_1568,http://www.fanbiotech.com/
CB_Web_1569,https://www.dcchemicals.com/product_show-CP_55940.html
CB_Web_1570,http://www.haoranbio.com/
CB_Web_1571,https://www.amyjet.com/
CB_Web_1572,http://www.boppard.cn/
CB_Web_1573,http://www.bioneeds.net/
CB_Web_1574,http://www.biodee.net/
CB_Web_1575,http://www.biosamite.com/
CB_Web_1576,http://www.biopike.cn/
CB_Web_1577,https://www.chemicalbook.com/ShowSupplierProductsList1860117/0_EN.htm
CB_Web_1578,http://haoranbio.com/
CB_Web_1579,http://www.energy-chemical.com/
CB_Web_1580,http://www.sglc.shimadzu.com.cn/
CB_Web_1581,https://www.chemicalbook.com/ShowSupplierProductsList16910/0.htm
CB_Web_1582,https://www.dcchemicals.com/product_show-APP-CHMINACA.html
CB_Web_1583,https://www.chemicalbook.com/manufacturer/univar-solutionschina-249/
CB_Web_1584,http://www.kaiwodun-pharma.com/
CB_Web_1585,https://www.chemicalbook.com/ShowSupplierProductsList30285/0_EN.htm
CB_Web_1586,http://www.dajinchemtrade.com/
CB_Web_1587,http://jiashengchem.cn/
CB_Web_1588,http://www.ykphar.com/
CB_Web_1589,http://www.zwytech.com/
CB_Web_1590,https://www.chemicalbook.com/ShowSupplierProductsList30307/0_EN.htm
CB_Web_1591,https://www.chemicalbook.com/ShowSupplierProductsList19997/0_EN.htm
CB_Web_1592,http://www.yihbio.com/
CB_Web_1593,https://www.dcchemicals.com/product_show-DC20655.html
CB_Web_1594,https://www.chemenu.com/products/CM268025.html
CB_Web_1595,http://www.xarxbio.com/
CB_Web_1596,http://www.yubiotech.com/
CB_Web_1597,https://www.dcchemicals.com/product_show-JWH-167.html
CB_Web_1598,https://www.chemenu.com/products/CM146755.html
CB_Web_1599,https://www.chemicalbook.com/manufacturer/zhengzhou-alfa-chemical-276/
CB_Web_1600,https://www.tocris.com/cn/products/win-55-212-2-mesylate_1038
CB_Web_1601,https://www.dcchemicals.com/product_show-WIN_55212_2_mesylate.html
CB_Web_1602,http://www.ahhchemical.com/product/MT-60434.html
CB_Web_1603,http://www.lcywhx.com/
CB_Web_1604,http://www.leafresource.com/
CB_Web_1605,http://www.pharm-intermediates.com/
CB_Web_1606,http://www.goldentimechemical.com/
CB_Web_1607,http://www.tcdchina.com/
CB_Web_1608,https://www.chemicalbook.com/ShowSupplierProductsList927327/0.htm
CB_Web_1609,https://www.chemicalbook.com/ShowSupplierProductsList1259554/0.htm
CB_Web_1610,http://www.jccschem.com/
CB_Web_1611,https://www.chemicalbook.com/ShowSupplierProductsList606293/0.htm
