ID,CAS
CB_Chemical_1, 451-40-1
CB_Chemical_2,0
CB_Chemical_3, 591-31-1
CB_Chemical_4, 871706-98-8
CB_Chemical_5, 79-03-8
CB_Chemical_6, CAS79-03-8
CB_Chemical_7, 598-21-0
CB_Chemical_8, ?598-21-0
CB_Chemical_9, 598-98-0
CB_Chemical_10, 123-62-6
CB_Chemical_11, 79-09-4
CB_Chemical_12, 1979-09-4
CB_Chemical_13, CAS79-09-4
CB_Chemical_14, 98-85-1
CB_Chemical_15, 93-92-5
CB_Chemical_16, 103-63-9
CB_Chemical_17,33186
CB_Chemical_18, 611-19-8
CB_Chemical_19, 100-52-7
CB_Chemical_20, 62-53-3
CB_Chemical_21, 1445-73-4
CB_Chemical_22, 96-33-3
CB_Chemical_23, 140-88-5
CB_Chemical_24, 100-46-9
CB_Chemical_25, 19099-93-5
CB_Chemical_26, 28578-16-7
CB_Chemical_27, 1609-66-1
CB_Chemical_28, 288573-56-8
CB_Chemical_29, 98-86-2
CB_Chemical_30, 123-39-7
CB_Chemical_31, 104-53-0
CB_Chemical_32, 110-62-3
CB_Chemical_33, 1942-31-0
CB_Chemical_34, 122-11-2
CB_Chemical_35, 49851-31-2
CB_Chemical_36, 598-31-2
CB_Chemical_37, 4433-88-9
CB_Chemical_38,4433-88-9
CB_Chemical_39, 78-67-1
CB_Chemical_40, 76-67-1
CB_Chemical_41, 110-63-4
CB_Chemical_42, 5413-05-8
CB_Chemical_43, 5143-05-8
CB_Chemical_44, 41232-97-7
CB_Chemical_45, 80532-66-7
CB_Chemical_46, 56553-60-7
CB_Chemical_47, 110925-64-9
CB_Chemical_48, 68-11-1
CB_Chemical_49, .68-11-1
CB_Chemical_50, 1968-11-1
CB_Chemical_51, CAS68-11-1
CB_Chemical_52, 00 68-11-1
CB_Chemical_53, 42045-97-6
CB_Chemical_54, 82208-84-2
CB_Chemical_55, 79279-02-0
CB_Chemical_56, 244195-32-2
CB_Chemical_57, 1802489-71-9
CB_Chemical_58, 101343-50-4
CB_Chemical_59, 2088842-68-4
CB_Chemical_60, 1071703-95-1
CB_Chemical_61, 1474-02-8
CB_Chemical_62, 78995-10-5
CB_Chemical_63, 2244737-98-0
CB_Chemical_64, 61085-72-1
CB_Chemical_65, 760930-59-4
CB_Chemical_66, 1169-68-2
CB_Chemical_67, 1465-20-9
CB_Chemical_68, 58399-46-5
CB_Chemical_69, 61380-40-3
CB_Chemical_70, 59708-50-8
CB_Chemical_71, 14030-77-4
CB_Chemical_72, 14030-76-3
CB_Chemical_73, 101345-67-9
CB_Chemical_74, 7361-61-7
CB_Chemical_75, 495-40-9
CB_Chemical_76, 1009-14-9
CB_Chemical_77, 93-55-0
CB_Chemical_78, 877-37-2
CB_Chemical_79, 5438-41-5
CB_Chemical_80, 41661-47-6
CB_Chemical_81, 622-24-2
CB_Chemical_82, 122-78-1
CB_Chemical_83, 78995-14-9
CB_Chemical_84, 60618-49-7
CB_Chemical_85, 16223-24-8
CB_Chemical_86, 2142571-01-3
CB_Chemical_87, 1165-22-6
CB_Chemical_88, 120656-93-1
CB_Chemical_89, 1443-50-1
CB_Chemical_90, 3612-20-2
CB_Chemical_91, 1155-56-2
CB_Chemical_92, 24775-71-1
CB_Chemical_93, 22261-94-5
CB_Chemical_94, 38129-46-3
CB_Chemical_95, 57958-47-1
CB_Chemical_96, 598-22-1
CB_Chemical_97, 60-12-8
CB_Chemical_98, â€˜60-12-8
CB_Chemical_99, 1960-12-8
CB_Chemical_100, 60ï¼12ï¼8
CB_Chemical_101, 21086-33-9
CB_Chemical_102, 37161-74-3
CB_Chemical_103, 705-60-2
CB_Chemical_104, 10342-83-3
CB_Chemical_105, 5337-93-9
CB_Chemical_106, 718-08-1
CB_Chemical_107, 1369021-80-6
CB_Chemical_108, 14680-51-4
CB_Chemical_109, 94758-81-3
CB_Chemical_110, 2732926-26-8
CB_Chemical_111, 2785346-75-8
CB_Chemical_112, 734496-28-7
CB_Chemical_113, 2732926-24-6
CB_Chemical_114, 95810-54-1
CB_Chemical_115, 2249-36-7
CB_Chemical_116, 67198-13-4
CB_Chemical_117, 87151-85-7
CB_Chemical_118, 96744-75-1
CB_Chemical_119, 119878-31-8
CB_Chemical_120, 67579-73-1
CB_Chemical_121, 75570-38-6
CB_Chemical_122, 881413-29-2
CB_Chemical_123, 1345970-42-4
CB_Chemical_124, 70434-82-1
CB_Chemical_125, 83002-04-4
CB_Chemical_126, 166100-39-6
CB_Chemical_127, 209414-05-1
CB_Chemical_128, 619294-62-1
CB_Chemical_129, 1445752-09-9
CB_Chemical_130, 1185282-01-2
CB_Chemical_131, 1185887-14-2
CB_Chemical_132, 1883284-94-3
CB_Chemical_133, 1364933-55-0
CB_Chemical_134, 1801552-01-1
CB_Chemical_135, 335160-53-7
CB_Chemical_136, 103610-04-4
CB_Chemical_137, 1292765-18-4
CB_Chemical_138, 864445-37-4
CB_Chemical_139, 2044702-46-5
CB_Chemical_140, 131543-23-2
